-70.73459404017787,-70.71072147317452
-70.73456008588838,-70.71072261904159
-70.734534170997,-70.71072060305902
-70.73428937869315,-70.71065692210831
-70.7338320862879,-70.71050513721676
-70.73333616921524,-70.71039796711989
-70.73333616921524,-70.71039796711989
-70.7329491546253,-70.71040752645554
-70.73170113875422,-70.71024058166621
-70.73086160570669,-70.70985568749333
-70.72990958266436,-70.70931677801966
-70.72883289615817,-70.70869476817002
-70.72760622832713,-70.7080327335496
-70.72760622832713,-70.7080327335496
-70.72620440797687,-70.70729221704434
-70.72279795920427,-70.70544765230933
-70.7207606037012,-70.70430773743082
-70.71848236977785,-70.70299712075692
-70.71595201922042,-70.70149705541458
-70.71595201922042,-70.70149705541458
-70.71315969881357,-70.6997902680874
-70.70675466337661,-70.69569523865404
-70.70675466337661,-70.69569523865404
-70.69920486248633,-70.69060299797842
-70.69498321724012,-70.68765377928347
-70.69498321724012,-70.68765377928347
-70.69045500901763,-70.68442198264744
-70.68045381232264,-70.67707292828398
-70.67496859997122,-70.67293804863414
-70.6691523252718,-70.66848519857652
-70.66299909439589,-70.66370649897581
-70.66299909439589,-70.66370649897581
-70.64965849551852,-70.65314141712555
-70.64245962699937,-70.6473405591525
-70.63490079363152,-70.64118484743439
-70.62697601916084,-70.6346699077805
-70.61867190835464,-70.62783983911444
-70.61867190835464,-70.62783983911444
-70.60999136002253,-70.62062819611913
-70.59147416527487,-70.60507502954822
-70.59147416527487,-70.60507502954822
-70.57131239626867,-70.58842780245735
-70.56061909516885,-70.57959256521752
-70.54951936888361,-70.57035146599011
-70.54951936888361,-70.57035146599011
-70.53800455607977,-70.56071680663132
-70.51372145993359,-70.5401560153973
-70.51372145993359,-70.5401560153973
-70.48771337842756,-70.51806502329053
-70.47404550835938,-70.50648073690874
-70.47404550835938,-70.50648073690874
-70.45992837828034,-70.49453339662139
-70.43030344593309,-70.46964925333384
-70.41476906576393,-70.4567965258363
-70.39875383470599,-70.4436495671188
-70.38226778214938,-70.4301408966744
-70.38226778214938,-70.4301408966744
-70.36531538288706,-70.41622447544023
-70.33001641699717,-70.38702452089811
-70.31166039011926,-70.37176203973326
-70.29282154957964,-70.35611446159216
-70.27349422689059,-70.3400944134309
-70.27349422689059,-70.3400944134309
-70.25367462096455,-70.32370000973472
-70.21254166748729,-70.28978438692536
-70.19121775432079,-70.272270696947
-70.16939198195854,-70.25434981422447
-70.1470725304517,-70.2359746921775
-70.1470725304517,-70.2359746921775
-70.12425797770722,-70.21714360799837
-70.07711950739572,-70.17817415323742
-70.05278819853135,-70.15804194868659
-70.02795648194932,-70.13743336223197
-70.00262313491545,-70.116345516792
-70.00262313491545,-70.116345516792
-69.97678189830351,-70.09479412166615
-69.92355014258314,-70.05036086445074
-69.89616992879239,-70.02742478462528
-69.86828524601442,-70.0039816513843
-69.83989231033992,-69.98003965787994
-69.83989231033992,-69.98003965787994
-69.81098405402405,-69.9556181106937
-69.75158284862431,-69.90545149053155
-69.72108199434369,-69.87973182991118
-69.69004744149525,-69.85359222485891
-69.65848018311952,-69.82703412011186
-69.62639375813504,-69.80001043697919
-69.62639375813504,-69.80001043697919
-69.560683611907,-69.74449001433098
-69.52706109333745,-69.71598397880142
-69.49291979546288,-69.68701300342433
-69.45825328136534,-69.65760425701434
-69.45825328136534,-69.65760425701434
-69.42305913686877,-69.62776533865323
-69.38733727765172,-69.59749408413603
-69.31431687710574,-69.53562592305278
-69.31431687710574,-69.53562592305278
-69.23921194084642,-69.47193391075432
-69.20088501144524,-69.43938626041961
-69.16203327814095,-69.4064031890326
-69.16203327814095,-69.4064031890326
-69.08277303074277,-69.3391054202263
-69.0423528484552,-69.30485147552402
-69.00140557336132,-69.27021664569625
-68.95993504437298,-69.23520842052659
-68.95993504437298,-69.23520842052659
-68.91794498919265,-69.19983700483358
-68.87543871640861,-69.1641149076739
-68.78891771176258,-69.09154949756518
-68.74485970139176,-69.05493601874232
-68.70025006440002,-69.0182381977374
-68.65512473203654,-68.9813172830961
-68.60949122400197,-68.94416335445216
-68.60949122400197,-68.94416335445216
-68.51670208908763,-68.86913719723894
-68.46953880620399,-68.83129873112277
-68.42185087742328,-68.79333896760762
-68.37363142091812,-68.75532041965144
-68.32487871321882,-68.71726499873152
-68.32487871321882,-68.71726499873152
-68.27560305150337,-68.67910755668153
-68.17551920860205,-68.60231499160831
-68.12472493998116,-68.5636543753457
-68.07343338428417,-68.52483597414374
-68.02164882966387,-68.48585490022127
-67.96937593165335,-68.44670095407412
-67.91660511749225,-68.40743867054117
-67.91660511749225,-68.40743867054117
-67.86340767993933,-68.36813631868726
-67.80974279141377,-68.32878144184293
-67.70133982676883,-68.24985056255122
-67.6466496900986,-68.21025415374662
-67.59158615805559,-68.17055619254526
-67.53609304259702,-68.13072689709371
-67.48019898080521,-68.09074294751792
-67.4239341548891,-68.05061147772714
-67.4239341548891,-68.05061147772714
-67.36731995597039,-68.01034857227883
-67.25312378409495,-67.92946725963672
-67.1957156721476,-67.88876459754742
-67.13812169455728,-67.84804169938947
-67.08028368942227,-67.80741352210639
-67.02216350692977,-67.7667774765661
-67.02216350692977,-67.7667774765661
-66.96375734467769,-67.72604609580144
-66.90531666310672,-67.68518442982001
-66.78785242141164,-67.60329348429687
-66.78785242141164,-67.60329348429687
-66.66937225879374,-67.5209297508254
-66.60979315505217,-67.4795258194614
-66.60979315505217,-67.4795258194614
-66.5500239617563,-67.43797879031669
-66.43069470590098,-67.35490144354797
-66.37102225301908,-67.31340732764791
-66.3112725818039,-67.27189803825496
-66.25149859563844,-67.23039963684721
-66.25149859563844,-67.23039963684721
-66.19168533480457,-67.18887459527342
-66.0716857826823,-67.10568352114882
-66.01161400892575,-67.06399719298898
-65.95151017360763,-67.02232251247362
-65.89131935289025,-66.98072252528733
-65.83111897733373,-66.93908929448477
-65.83111897733373,-66.93908929448477
-65.71074102366003,-66.85568381476247
-65.65042726375907,-66.81413238028442
-65.59007094880772,-66.77260866676846
-65.52962635460881,-66.7311577962381
-65.52962635460881,-66.7311577962381
-65.46907462776753,-66.68975672838269
-65.34759255925266,-66.60706178740048
-65.28670906105545,-66.56598056217807
-65.22581768000097,-66.52518896530611
-65.16479545582617,-66.48456481306285
-65.10358360216863,-66.4439526287317
-65.10358360216863,-66.4439526287317
-65.04214533705255,-66.4033791117879
-64.91862374888498,-66.32238847657504
-64.85658851121886,-66.28194955725883
-64.79432083646063,-66.24165945950665
-64.73182197275612,-66.20154899790239
-64.66914493148467,-66.16151886083134
-64.66914493148467,-66.16151886083134
-64.54346378010123,-66.0822225948403
-64.48030051794161,-66.04292442994608
-64.41689952534166,-66.00374708636802
-64.35328596296947,-65.96464864212841
-64.35328596296947,-65.96464864212841
-64.28973679876404,-65.92583691900576
-64.16254986938868,-65.84920307881347
-64.0986048073008,-65.81124081218103
-64.03443874444267,-65.77340433171771
-63.97010649207248,-65.73566852485501
-63.90589325700831,-65.69825773805961
-63.90589325700831,-65.69825773805961
-63.777576281633195,-65.62443092630791
-63.713350601958375,-65.58799862121293
-63.64898568986671,-65.55186293383832
-63.58448552174092,-65.51600352768071
-63.58448552174092,-65.51600352768071
-63.51991920813576,-65.48032886509914
-63.3910131822621,-65.41003837901927
-63.3910131822621,-65.41003837901927
-63.26204246782162,-65.34075309182181
-63.19748431687349,-65.3064660292592
-63.132857913787994,-65.2725138042918
-63.132857913787994,-65.2725138042918
-63.00365854304777,-65.20567571211882
-62.93922134882845,-65.17279658463993
-62.874770997280436,-65.14008791895131
-62.81022726744531,-65.10757494551999
-62.81022726744531,-65.10757494551999
-62.745539743227404,-65.07531145665332
-62.61600366033317,-65.01114547679613
-62.61600366033317,-65.01114547679613
-62.486195469863546,-64.94764501668213
-62.42115846085541,-64.91613191789196
-62.42115846085541,-64.91613191789196
-62.35604007861297,-64.884739013807
-62.225428512237926,-64.82249204254956
-62.225428512237926,-64.82249204254956
-62.09438248901396,-64.76107115299592
-62.02893921974059,-64.7308088989126
-62.02893921974059,-64.7308088989126
-61.9635779394311,-64.70080005579247
-61.83263646877085,-64.64080510123071
-61.76699361155591,-64.61074544284558
-61.70121895127281,-64.580749286985
-61.635325795091646,-64.55082824629734
-61.635325795091646,-64.55082824629734
-61.503282447360434,-64.49116942363258
-61.437147810519484,-64.46150194696546
-61.37091626110013,-64.43201202574673
-61.30462411822606,-64.40261635030853
-61.23845052962476,-64.37318534715602
-61.23845052962476,-64.37318534715602
-61.10602080072637,-64.31454089672482
-61.03960732438262,-64.28540118978023
-60.97309460830467,-64.2562656298285
-60.90652397894063,-64.22706395666546
-60.773765105472876,-64.16850101839984
-60.773765105472876,-64.16850101839984
-60.64075647096337,-64.10989878914802
-60.64075647096337,-64.10989878914802
-60.5741613205395,-64.08046743845365
-60.507582334267624,-64.05093826697025
-60.507582334267624,-64.05093826697025
-60.37446044832108,-63.99170847809546
-60.307962707938216,-63.96212057939725
-60.241420421541896,-63.932520079543615
-60.17497750282878,-63.90297912435173
-60.17497750282878,-63.90297912435173
-60.10860645008563,-63.8733835734474
-59.84401337234025,-63.754500939813525
-59.84401337234025,-63.754500939813525
-59.777926764582446,-63.72483903107353
-59.777926764582446,-63.72483903107353
-59.711879938249396,-63.69512248808595
-59.57999559291945,-63.63545372996675
-59.514345203135,-63.60546238339238
-59.448832620066256,-63.57547962438898
-59.448832620066256,-63.57547962438898
-59.38333030894492,-63.5455994872527
-59.31782691156018,-63.51577348985699
-59.186918417516175,-63.45604872676213
-59.186918417516175,-63.45604872676213
-59.0568391137397,-63.396133717618156
-58.99188048959036,-63.3661496705773
-58.99188048959036,-63.3661496705773
-58.92692339565891,-63.33611997974427
-58.797910530461955,-63.27625734426572
-58.797910530461955,-63.27625734426572
-58.66920804305132,-63.216161351510564
-58.60486207324942,-63.18602619884729
-58.60486207324942,-63.18602619884729
-58.54057041766085,-63.15580698732352
-58.54057041766085,-63.15580698732352
-58.413110947531116,-63.09512832938354
-58.28620062591868,-63.034363755701705
-58.28620062591868,-63.034363755701705
-58.22283540141052,-63.003955830675274
-58.09630979248065,-62.943163917697284
-57.97031605408001,-62.88211826449734
-57.97031605408001,-62.88211826449734
-57.90754323654039,-62.851502917664604
-57.90754323654039,-62.851502917664604
-57.78215354764426,-62.7904051656902
-57.71953853274012,-62.75990471671032
-57.65696964341539,-62.72937824506513
-57.59444010093768,-62.698778615575684
-57.59444010093768,-62.698778615575684
-57.46973163543428,-62.6376791879655
-57.40738707128178,-62.60712931965614
-57.344976406902646,-62.57657276151042
-57.219895298274835,-62.51550406156855
-57.219895298274835,-62.51550406156855
-57.09461120194832,-62.45425201501461
-57.031906041228,-62.423507974627086
-56.96915198118781,-62.39275482433919
-56.906420134709876,-62.362147549379245
-56.843665926745956,-62.33160921305805
-56.843665926745956,-62.33160921305805
-56.717910443320626,-62.270494563715644
-56.654917107481594,-62.23985927884532
-56.59180774139036,-62.20925405414843
-56.528631546350894,-62.17858783807141
-56.46536681099401,-62.147906998592774
-56.46536681099401,-62.147906998592774
-56.338608681259885,-62.0863961271171
-56.211870168311826,-62.024595786872275
-56.211870168311826,-62.024595786872275
-56.148368895596164,-61.993697116278504
-56.08479348584587,-61.96275355733478
-56.08479348584587,-61.96275355733478
-55.9573949056969,-61.90072174123179
-55.82974150478687,-61.83836137790576
-55.82974150478687,-61.83836137790576
-55.76582017982781,-61.80703370886432
-55.701793697692594,-61.775653905363
-55.701793697692594,-61.775653905363
-55.57355274628078,-61.71251426673755
-55.445052761158806,-61.648807274533915
-55.445052761158806,-61.648807274533915
-55.38070561498163,-61.616749735282404
-55.31627383892145,-61.58462758352311
-55.18717226111262,-61.52003195759035
-55.18717226111262,-61.52003195759035
-55.122497802907795,-61.487545551706866
-55.057728356581094,-61.45499837882209
-54.86285836928671,-61.356704342893345
-54.73242163660652,-61.290879965796634
-54.73242163660652,-61.290879965796634
-54.60153577889803,-61.224982752812544
-54.53593093978643,-61.19191209794999
-54.53593093978643,-61.19191209794999
-54.470212185591684,-61.158801161548745
-54.33844740923208,-61.092307316223526
-54.33844740923208,-61.092307316223526
-54.206178500871275,-61.02587770169645
-54.206178500871275,-61.02587770169645
-54.139850403422244,-60.99272694010499
-54.07339128753755,-60.959644826988004
-54.07339128753755,-60.959644826988004
-53.94008836529454,-60.89359971353892
-53.806269061867795,-60.8277853268713
-53.73916633397657,-60.79496578722673
-53.73916633397657,-60.79496578722673
-53.671933243068835,-60.762237233359215
-53.53707832410227,-60.69700728337645
-53.469454286901914,-60.66455347769312
-53.40169927101463,-60.63219362924316
-53.33381412569835,-60.599861300818596
-53.33381412569835,-60.599861300818596
-53.26579937167745,-60.56750621875474
-53.19765328840969,-60.53522029396668
-53.19765328840969,-60.53522029396668
-53.06097328065269,-60.47081721566348
-52.92375828055323,-60.406813299883474
-52.92375828055323,-60.406813299883474
-52.854938818092926,-60.375028550319364
-52.785991441334296,-60.34327312780521
-52.648063998818785,-60.28004333471432
-52.648063998818785,-60.28004333471432
-52.50981340829458,-60.21689391292521
-52.44057912715299,-60.185212688274675
-52.44057912715299,-60.185212688274675
-52.37129595472572,-60.153485600914244
-52.23325980593234,-60.090468328740954
-52.23325980593234,-60.090468328740954
-52.095175041209735,-60.02750017380536
-52.02632474725727,-59.996084279651576
-51.957659070515625,-59.9647591625622
-51.957659070515625,-59.9647591625622
-51.82068183932687,-59.90179107646783
-51.68399816150509,-59.83864781331538
-51.68399816150509,-59.83864781331538
-51.615809185985746,-59.80706754750705
-51.54774172139754,-59.775478411898256
-51.54774172139754,-59.775478411898256
-51.41197216505418,-59.71233567540618
-51.21071601365304,-59.61738366882365
-51.077614626420925,-59.55439621807759
-51.077614626420925,-59.55439621807759
-50.9446313194006,-59.491565497924846
-50.9446313194006,-59.491565497924846
-50.87821770575464,-59.46020276947034
-50.81192308092811,-59.42879024668711
-50.679816336834016,-59.36564712879016
-50.679816336834016,-59.36564712879016
-50.548231441652725,-59.30239201460697
-50.548231441652725,-59.30239201460697
-50.48288128564292,-59.270948279381166
-50.41774216059079,-59.23968708833588
-50.41774216059079,-59.23968708833588
-50.287421527860886,-59.177507785109974
-50.15697743924704,-59.11557403861719
-50.15697743924704,-59.11557403861719
-50.0918170916715,-59.08451659564513
-50.026789199637186,-59.053321673734864
-49.89692001804151,-58.9908943230505
-49.7670176989004,-58.92888550772576
-49.63711986948551,-58.86729436151753
-49.63711986948551,-58.86729436151753
-49.57218140554545,-58.83662075469455
-49.57218140554545,-58.83662075469455
-49.44226228657275,-58.77548212846946
-49.37725165126446,-58.745018471450074
-49.31218823759277,-58.714628059838795
-49.24705938296451,-58.684320758492824
-49.24705938296451,-58.684320758492824
-49.18185396886402,-58.65410539776892
-48.920122562280156,-58.53535114821298
-48.854450799861056,-58.50612345428113
-48.854450799861056,-58.50612345428113
-48.78866664814139,-58.477068657541714
-48.65674050598792,-58.419578063798376
-48.590608898511064,-58.391155021486256
-48.52434961948567,-58.363010775463415
-48.457957554714966,-58.33517001076856
-48.39143503654669,-58.30763591342931
-48.39143503654669,-58.30763591342931
-48.324782006211436,-58.28041682898822
-48.2579974873061,-58.25352238589366
-48.2579974873061,-58.25352238589366
-48.12402801394612,-58.20074665687781
-47.989513354366665,-58.14938338882434
-47.78668967774852,-58.0751307376275
-47.71879501864136,-58.05115365166055
-47.71879501864136,-58.05115365166055
-47.65075454083497,-58.027574528416395
-47.58257513189127,-58.00440098256721
-47.58257513189127,-58.00440098256721
-47.44626606851678,-57.95935796962126
-47.309516853758815,-57.91597255542967
-47.309516853758815,-57.91597255542967
-47.240922722070096,-57.8949126818728
-47.17222625981742,-57.874290877134854
-47.03451310579375,-57.83437826069284
-47.03451310579375,-57.83437826069284
-46.897152318469416,-57.79636042123557
-46.82846725781107,-57.77803612091666
-46.82846725781107,-57.77803612091666
-46.48444785589706,-57.692232222158545
-46.48444785589706,-57.692232222158545
-46.41581747279228,-57.675918528572794
-46.34726252987464,-57.66013136968603
-46.34726252987464,-57.66013136968603
-46.21020499978902,-57.63005700637701
-46.14170839956774,-57.615718482639146
-46.07325462323566,-57.60186821643324
-46.004816997563466,-57.588383225226565
-45.93641532725875,-57.575071291009934
-45.93641532725875,-57.575071291009934
-45.800173911886716,-57.54971226671038
-45.664176166380145,-57.52594905780182
-45.664176166380145,-57.52594905780182
-45.59613598148095,-57.51456144254789
-45.39276696913583,-57.48296223692281
-45.39276696913583,-57.48296223692281
-45.25753126130413,-57.464053257797644
-45.1901962678319,-57.455297211659214
-45.1901962678319,-57.455297211659214
-45.12302319008451,-57.447011876638165
-44.98925708332313,-57.43190361755466
-44.98925708332313,-57.43190361755466
-44.85585020809043,-57.418813565518555
-44.78945162037926,-57.413068623386025
-44.78945162037926,-57.413068623386025
-44.723248182133545,-57.407866095902975
-44.59133484401737,-57.39911288325758
-44.460167439042266,-57.39259443538619
-44.3948707641652,-57.390179993489774
-44.32978038071156,-57.38833047081917
-44.32978038071156,-57.38833047081917
-44.19998485483579,-57.38631323019204
-44.13520534874987,-57.38605661167064
-44.07059307673081,-57.3863779077193
-44.006094996873195,-57.38723191236615
-43.94176392806442,-57.38866945611963
-43.814077958446404,-57.393284996660796
-43.814077958446404,-57.393284996660796
-43.68689143811847,-57.400041317017696
-43.623601632745576,-57.40419456655057
-43.623601632745576,-57.40419456655057
-43.5606000939324,-57.408859135344805
-43.43515934070344,-57.41974534715361
-43.37267937723546,-57.425721646914326
-43.31026558730901,-57.4320587225981
-43.24789184187552,-57.43880050789322
-43.18570871641138,-57.44610883063812
-43.0619354061007,-57.46217520951841
-43.0619354061007,-57.46217520951841
-42.87786716312124,-57.489519621157974
-42.81678840357546,-57.49923910184824
-42.81678840357546,-57.49923910184824
-42.69532662619,-57.51995867726944
-42.63485932929739,-57.53090052261608
-42.57455281778771,-57.54223195776721
-42.51431066965596,-57.55385676009528
-42.45419058694124,-57.5658636536857
-42.33414235210802,-57.59088331999868
-42.33414235210802,-57.59088331999868
-42.15506207676601,-57.631578018838646
-42.09566160748007,-57.64600346764671
-41.97733861135563,-57.67613890934416
-41.97733861135563,-57.67613890934416
-41.85974644380135,-57.70799105823929
-41.80124728402404,-57.72459138732715
-41.80124728402404,-57.72459138732715
-41.74284747630632,-57.74160448831338
-41.626912628690306,-57.77711658899876
-41.626912628690306,-57.77711658899876
-41.512136551760214,-57.81441122046839
-41.45520778849273,-57.83359266716121
-41.398522550695624,-57.853010899106614
-41.398522550695624,-57.853010899106614
-41.28592147804235,-57.89288791830154
-41.119444441756215,-57.95521213095071
-41.064550455341426,-57.976502328884855
-40.95534315266301,-58.01965288325813
-40.95534315266301,-58.01965288325813
-40.847369126347445,-58.063359558529136
-40.793924506347366,-58.08534671979778
-40.74093474538822,-58.10739380843946
-40.74093474538822,-58.10739380843946
-40.68824815852599,-58.12948768859742
-40.58376994158227,-58.17379716091204
-40.480279046027356,-58.21812082561079
-40.480279046027356,-58.21812082561079
-40.42903623722146,-58.24024013551995
-40.378118358347784,-58.262343604139254
-40.378118358347784,-58.262343604139254
-40.126650106566586,-58.37187527240083
-40.126650106566586,-58.37187527240083
-40.07683414445576,-58.3935418783158
-40.02738469140717,-58.41511387445439
-39.978202444356924,-58.43657676601738
-39.978202444356924,-58.43657676601738
-39.88106163536803,-58.47914526485912
-39.78528457678438,-58.521406543313496
-39.7378688516571,-58.542460558747386
-39.7378688516571,-58.542460558747386
-39.690637027685376,-58.563379117899196
-39.59693155492761,-58.604444870974554
-39.550310839749706,-58.62469000758746
-39.50393975677181,-58.64477479972206
-39.50393975677181,-58.64477479972206
-39.320518016368986,-58.72344939225615
-39.27500403741146,-58.742668752391175
-39.22966397277542,-58.7616986622091
-39.184551936612266,-58.78052651162945
-39.13969681050024,-58.799137884207525
-39.050594675897855,-58.835676349834415
-39.050594675897855,-58.835676349834415
-38.96212917632075,-58.871291597418434
-38.9180617184452,-58.88873162608207
-38.9180617184452,-58.88873162608207
-38.830489500336704,-58.92310418408767
-38.6998328826791,-58.972607835034935
-38.65620320877131,-58.988457447461116
-38.56902225670429,-59.01934272182428
-38.52559099955104,-59.034376488196806
-38.48211346142153,-59.04913245276773
-38.4386210941671,-59.06360387926033
-38.395143471517585,-59.07778081227442
-38.395143471517585,-59.07778081227442
-38.35168253207943,-59.09165259812782
-38.26476556707474,-59.1184405949528
-38.221278380172116,-59.13133861688116
-38.13416821171592,-59.156101963426295
-38.04678504908107,-59.179438983807465
-38.00296119528243,-59.190555082073715
-37.95903536014316,-59.2012938934887
-37.914998299136755,-59.21164879821109
-37.870841502179516,-59.221613255129256
-37.870841502179516,-59.221613255129256
-37.782137714100074,-59.24034494922814
-37.6928669815309,-59.25743764022888
-37.6928669815309,-59.25743764022888
-37.64800302445969,-59.26535346230226
-37.512440036730666,-59.286501473854464
-37.42158612728096,-59.29832603130786
-37.37608491838295,-59.30354182298144
-37.33037258706765,-59.30830794498271
-37.33037258706765,-59.30830794498271
-37.28439322649426,-59.31261535678611
-37.14616879066626,-59.32258559177222
-37.0996873537922,-59.32493663142825
-37.05302925903948,-59.32678773213838
-37.00624290242385,-59.328130366972026
-36.95934522297632,-59.32895836950563
-36.95934522297632,-59.32895836950563
-36.865208414230274,-59.329052246235676
-36.770543935707714,-59.32703856936795
-36.72298055113756,-59.32523265196357
-36.72298055113756,-59.32523265196357
-36.67524580992064,-59.322889216377924
-36.48237274203198,-59.308062990583984
-36.433624105816534,-59.30297442008237
-36.38464932563794,-59.29735778819138
-36.335661170157266,-59.29123261230989
-36.23768820568224,-59.2771061377544
-36.18856273209717,-59.26917141736811
-36.13936071338999,-59.26068006130768
-36.09009305877591,-59.25163142982419
-36.040642580679716,-59.24202479150859
-35.94105738780339,-59.22109026819361
-35.840710340659946,-59.197836771980434
-35.840710340659946,-59.197836771980434
-35.79039666615117,-59.18532853095636
-35.639114280671905,-59.14424408759092
-35.53770519180811,-59.11389872787703
-35.48674130588496,-59.09784204956262
-35.48674130588496,-59.09784204956262
-35.43556344562893,-59.08119735389721
-35.38414804112314,-59.06396428736727
-35.28053806123366,-59.0277268667336
-35.28053806123366,-59.0277268667336
-35.175933368667934,-58.98908141515618
-35.12336893283449,-58.96882065637019
-35.07060217638063,-58.94794946602097
-35.01752100440766,-58.92649553322906
-34.96406978302218,-58.90446171031392
-34.856204868166955,-58.85860398723552
-34.74727533542654,-58.81029615458891
-34.58191565347853,-58.733419415579746
-34.47019245026552,-58.67968858781623
-34.47019245026552,-58.67968858781623
-34.413875159511,-58.652128529589255
-34.35725306835401,-58.6241238958372
-34.24308147634886,-58.566875798754495
-34.185522522612494,-58.53770661471261
-34.127720087807596,-58.50818447400872
-34.0696092251125,-58.47834832955882
-34.01113324114536,-58.44824125148609
-33.89340560943709,-58.387281195554145
-33.71501022779348,-58.29442401642018
-33.65483540762474,-58.263239448334325
-33.53382864509943,-58.20058965631771
-33.53382864509943,-58.20058965631771
-33.412337540537244,-58.137627617757396
-33.35118082359319,-58.10609555335519
-33.28974535717918,-58.074550740828236
-33.28974535717918,-58.074550740828236
-33.22803889621177,-58.04300401226099
-32.91628868548922,-57.88549926836331
-32.853346715401116,-57.85411176856656
-32.79025961453752,-57.82278369280482
-32.79025961453752,-57.82278369280482
-32.72714838923184,-57.79152016032441
-32.60038633471971,-57.72923198318468
-32.472583690485166,-57.66734003958505
-32.472583690485166,-57.66734003958505
-32.40830026598615,-57.63656353439731
-32.14966759212436,-57.514685737250005
-32.08509780999281,-57.484557884648574
-32.020498258288725,-57.45454039409379
-31.955794355040833,-57.424622886537826
-31.955794355040833,-57.424622886537826
-31.82583409196038,-57.36516931888672
-31.69521691720864,-57.30628541809931
-31.498464050442784,-57.2187906876552
-31.366986167013,-57.16100685998179
-31.366986167013,-57.16100685998179
-31.301166617368235,-57.13226143212032
-31.235264747028936,-57.10360072398015
-31.103379564478455,-57.046644113797626
-30.97204241149914,-56.99047948649343
-30.90620184623038,-56.96252046026745
-30.840142744401277,-56.93459872440395
-30.707446384684662,-56.87890372764822
-30.574125659026475,-56.823468543039645
-30.507290386580657,-56.79586848207394
-30.440364396220172,-56.768347899292465
-30.306458254691556,-56.71325966712482
-30.239361602515412,-56.685841443393066
-30.1721708863872,-56.65839225803124
-29.83415911776041,-56.52100677146074
-29.765975206863533,-56.49359451925628
-29.765975206863533,-56.49359451925628
-29.69759909174352,-56.46615925598402
-29.62902759959271,-56.438687803671435
-29.4912777183697,-56.383608063727024
-29.35268152936926,-56.32832678818521
-29.283063342681853,-56.30050366249978
-29.072815079616944,-56.21679338941925
-28.9314511396194,-56.1608789536828
-28.860404930714573,-56.13289040879681
-28.789114923203574,-56.10488032902939
-28.717589086142773,-56.076746598507874
-28.573797716882833,-56.02044033573187
-28.429012138724957,-55.96419064900522
-28.35624931551881,-55.936083457895066
-28.209990719660002,-55.879912305143186
-28.062766209215834,-55.82381949771498
-27.988796451665106,-55.79581305279191
-27.914591048472445,-55.76784084929562
-27.914591048472445,-55.76784084929562
-27.690583470967955,-55.68418520251592
-27.38875310206532,-55.57344993703256
-27.38875310206532,-55.57344993703256
-27.23653501543742,-55.518515236354375
-27.16011030203281,-55.49117210903436
-27.083479140112388,-55.46391694977981
-27.083479140112388,-55.46391694977981
-26.929609834753073,-55.40968151628941
-26.697449195287795,-55.32893415637443
-26.541812321632076,-55.27552568193622
-26.385625954756133,-55.22262223698316
-26.30744813815435,-55.19642208106358
-26.229135541539673,-55.1703297443692
-26.229135541539673,-55.1703297443692
-26.072097179507736,-55.118440249077615
-25.756764612905183,-55.015979041692134
-25.756764612905183,-55.015979041692134
-25.598642703841918,-54.96546322581166
-25.440262901096606,-54.91543018707975
-25.360976030523595,-54.89059224624961
-25.281621600424312,-54.865871443124554
-25.043164633848306,-54.792532581068244
-24.883830190574866,-54.74425958897044
-24.804142978904554,-54.7201114522468
-24.724438238640797,-54.69596619743547
-24.56480030360444,-54.64795870618295
-24.40483557817714,-54.60035289497716
-24.40483557817714,-54.60035289497716
-24.32474644611117,-54.57667042483434
-24.24459465370746,-54.55305131770751
-23.762755625121716,-54.41308192651744
-23.68240965136226,-54.39029084284421
-23.60203917977839,-54.36756127612069
-23.44117715104668,-54.32219944451703
-23.3607232707747,-54.29970824710404
-23.280261421016384,-54.27736644469244
-23.1997804429488,-54.255144135637096
-22.87767587816402,-54.16754716740922
-22.797113725485566,-54.14600263319679
-22.716539476624764,-54.124607838256175
-22.55546015218004,-54.082510709193684
-22.394400904101655,-54.04115577268703
-22.313832963679218,-54.020644750852654
-21.991311707476235,-53.939665146927894
-21.91068740299432,-53.919903453079904
-21.83009082029205,-53.900406045744944
-21.749494025159954,-53.88105282922021
-21.588239703709206,-53.84256207162276
-21.42690653924896,-53.80437162769136
-21.104356051648626,-53.730018126611256
-20.94334820458461,-53.69438671981341
-20.86288406848496,-53.67685213582451
-20.78242055875113,-53.65945503192164
-20.62155939678338,-53.6251805509859
-20.380393146554447,-53.57494818526615
-20.300044537896692,-53.55853203996904
-20.13942049472141,-53.52621739348132
-19.97899536437996,-53.494920851148336
-19.899210307335217,-53.479694997138154
-19.580915297855167,-53.42000115099849
-19.501366441563675,-53.40532087029105
-19.421871915740734,-53.39072854590023
-19.263417901597194,-53.36141878003692
-19.184536682999934,-53.34677421031421
-19.105995236678858,-53.33220725531119
-18.7170614749132,-53.25992472351839
-18.63973391580433,-53.24535702439205
-18.562553507726488,-53.230698265522
-18.48554097883765,-53.21596126670637
-18.33209075734212,-53.186269529758846
-18.17942466854295,-53.15623080802154
-17.951630215195394,-53.11038311915425
-17.72478305982803,-53.063546195672025
-17.72478305982803,-53.063546195672025
-17.649269940007784,-53.047723521862856
-17.27159220327337,-52.96720851563587
-17.120222672678917,-52.93438419341463
-17.044435038143664,-52.917850858287245
-16.968569144501796,-52.90124019292846
-16.81657895821492,-52.86779273446665
-16.664233875739328,-52.83411327366221
-16.51146346922463,-52.80016891425625
-16.358254470204756,-52.76593832456183
-16.20459204992446,-52.73142906012653
-16.12758501515819,-52.714075543572264
-16.05045798390511,-52.69665694545274
-15.58510390479872,-52.590512523718175
-15.5070976561208,-52.5725765609754
-15.272296107118613,-52.51829744689894
-15.193770304185158,-52.50003700515218
-15.115205382162042,-52.48154044211513
-14.87891772094625,-52.425314619387066
-14.720841678995226,-52.387710569911434
-14.641656217304986,-52.36883497958421
-14.32397081756006,-52.29221170450871
-14.244348042073076,-52.27279562943215
-14.164880266220202,-52.253250334845404
-13.848626846257224,-52.17449480052124
-13.690667833775525,-52.134865893894414
-13.611717820858928,-52.114976516972234
-13.5330712870267,-52.09507713251771
-13.376670508556685,-52.05539399274634
-12.990139441802475,-51.956139802204696
-12.913466710428688,-51.93623911488404
-12.760915798179829,-51.89659199340782
-12.68538458351403,-51.877052055697675
-12.535320214358748,-51.83807804864743
-12.312743597565108,-51.77989796433244
-12.238993941731104,-51.76058467895123
-12.092319713856394,-51.72238558465566
-11.947597117422978,-51.68522431488836
-11.875792002737732,-51.666740116508116
-11.520607846389696,-51.57414832351715
-11.380245230140991,-51.53811011791617
-11.310854075719366,-51.52063333534091
-11.241984675366679,-51.503358963054445
-11.173471270881084,-51.48619700939286
-10.90257629153231,-51.41872323850975
-10.768609595369725,-51.38601476774925
-10.702103983940695,-51.3699936637076
-10.635918349351119,-51.35422818655505
-10.569948243537324,-51.33871737624617
-10.244727143093398,-51.26479706433881
-10.18104423184116,-51.250923588951714
-10.117677450977627,-51.23733441530439
-10.054587264187935,-51.2240340546977
-9.805220834087052,-51.17387723218806
-9.682647236019877,-51.15061499538237
-9.62196721423136,-51.13918127962933
-9.561702955562641,-51.127784131558386
-9.442424853714135,-51.10552232735499
-9.095356413719237,-51.04337725996092
-9.039171386769551,-51.03366373680791
-8.983464820683718,-51.02427607196227
-8.819165781015027,-50.99696828224187
-8.658815567668146,-50.97058772308463
-8.605953615082452,-50.962051726142114
-8.55336013074349,-50.953619080312485
-8.44940422036097,-50.93743217068841
-8.197890138362778,-50.902794334690114
-8.100023623221889,-50.89105323916912
-8.003685207781347,-50.880573536644214
-7.955951697824289,-50.87584804242648
-7.908396646677739,-50.871495233612926
-7.629107038105548,-50.85314413510432
-7.583454674731296,-50.8512705536674
-7.538088642949287,-50.849682879381795
-7.448089412299621,-50.84735208725423
-7.358830720211412,-50.84613838970208
-7.2700763910694794,-50.846149354997635
-7.181644150357331,-50.84690988487429
-7.093427821760237,-50.84817019715145
-6.873401592444069,-50.85610218137482
-6.829405697835185,-50.85790005962889
-6.697328039281094,-50.863614555788594
-6.65326345301354,-50.86568905597479
-6.609172650096476,-50.86779808372246
-6.432849572120344,-50.87793609258157
-6.345707793388675,-50.88402532800232
-6.302150699038347,-50.887089238867496
-6.2145757591570705,-50.89312888608072
-6.127852169293968,-50.899732241980196
-5.913969635237633,-50.91815831656231
-5.8712472080163565,-50.921845515316825
-5.828593316453026,-50.92557375592789
-5.659833468966718,-50.941826162249605
-5.617977088492728,-50.94593889723835
-5.4930846951965835,-50.95867502874565
-5.410221303090591,-50.96783154152606
-5.368613709074658,-50.97246302023925
-5.203388267083136,-50.99219076044831
-5.162571588121549,-50.997147406356795
-5.121821767438907,-51.00206572335166
-4.959391537165706,-51.02228590781173
-4.838629711477222,-51.03847441228592
-4.758105258432182,-51.049222830520314
-4.678448193611492,-51.06076121458688
-4.600313100649284,-51.07297240576706
-4.522315148716641,-51.08498456603135
-4.3280772411198525,-51.11634761458822
-4.289173323529786,-51.1225508963253
-4.250326267085673,-51.129042422042154
-4.172848374003595,-51.143046675964136
-4.095099105716822,-51.15730072596614
-4.017010271202278,-51.17181413659674
-3.8990249847057115,-51.194219794473305
-3.8196457781724615,-51.20948528592354
-3.8196457781724615,-51.20948528592354
-3.6587476796667597,-51.24038864347393
-3.5359786673655855,-51.26280047322748
-3.4946688562652404,-51.27019352869961
-3.4118882456182806,-51.28454612381147
-3.328463885054993,-51.2982775077604
-3.2015239578171664,-51.317453691339324
-3.1163162635165675,-51.3290771912083
-3.030637022644563,-51.339671069319536
-2.944839272567187,-51.3491318678346
-2.9019012666359036,-51.353435726872355
-2.773034054657623,-51.36584802952807
-2.687273542804512,-51.373009739385054
-2.601818804081733,-51.379144909166065
-2.473179220732267,-51.386416500463945
-2.3869569193935734,-51.39002898999994
-2.344007082163266,-51.391614016730905
-2.132776232081431,-51.39781683126041
-2.0901905850528566,-51.39835181523217
-2.047616972621107,-51.39890169372127
-1.9627575343985473,-51.40021604249936
-1.8774546477366656,-51.40068980831997
-1.6634349841622025,-51.39888738972276
-1.6202568203742052,-51.397988147730956
-1.5769620251325243,-51.39692523199401
-1.4462485201262307,-51.393612024816015
-1.2704921744106856,-51.38585451940806
-1.1817205175698087,-51.380601062817014
-1.1373295505103014,-51.377609658744646
-1.0928189569714313,-51.37437180313985
-0.8662096628302383,-51.353699764981364
-0.7744596396869309,-51.34305840998584
-0.7283861650097674,-51.33718950888592
-0.6357428820884427,-51.32445970601297
-0.4962093227832673,-51.30325093221713
-0.3539240728167983,-51.278824756661116
-0.3059611463941388,-51.26996054851018
-0.2093298845432439,-51.2512267061712
-0.1606436993441148,-51.241373807333346
0.13687664808080993,-51.1762852855115
0.18712290559374078,-51.16465610078853
0.28826137839362526,-51.14066905460753
0.3902572228939132,-51.116052231608755
0.5451524957663131,-51.07797945964264
0.5973987036004642,-51.06493739186442
0.7023953798659874,-51.038340987829265
0.8073924586940401,-51.01132231697875
1.0205268609645155,-50.95588102041896
1.0744475787072179,-50.941735137504246
1.182994328378023,-50.91303674532953
1.292506449726359,-50.88398354741175
1.4584246882584255,-50.839755969416665
1.5144577017067333,-50.82464233268683
1.627441883830981,-50.7939117427578
1.741406691251136,-50.76283090402531
1.7988889421367018,-50.74710512543622
2.0889302314293854,-50.66759635541417
2.205949286300991,-50.63563086080665
2.2646985628997323,-50.61962995671924
2.323556879667528,-50.60364850194188
2.500442913185207,-50.55602078838842
2.7361420370782823,-50.49382283996658
2.8543299227920547,-50.463470971140836
2.972119743234313,-50.43371106345508
3.030644698014153,-50.4190890822747
3.147270576868914,-50.39036575527865
3.4369356357174614,-50.32173558092436
3.494441909154126,-50.30864139963259
3.6088999208552814,-50.28310994756507
3.722614305617519,-50.258178025548894
3.836097060241293,-50.233605828519224
4.004077559915632,-50.199046332990456
4.114683041515966,-50.17726802809147
4.1698673656848815,-50.16667347658458
4.225046379611976,-50.15622142259944
4.334354219697534,-50.13589722304019
4.603318883351527,-50.088175887213936
4.708961352179694,-50.070747342422024
4.813580336141151,-50.054401793924924
4.917108780550989,-50.03904619390655
5.070461133907866,-50.017177610243245
5.172053011382705,-50.00320609401426
5.272567159069108,-49.9900513054693
5.322508898044374,-49.98374488525554
5.371976990695567,-49.97775724138602
5.565825893992603,-49.956590896251846
5.613708313572071,-49.951792676304834
5.849670152088529,-49.930993589341874
5.896080974614286,-49.927614361635115
5.94206599643249,-49.924526238744114
5.987645284474427,-49.92174257497198
6.211330439410832,-49.91264752677296
6.2548790040594815,-49.91189741288004
6.340940116562414,-49.911497234623965
6.468567973427803,-49.91382319797056
6.510476793873287,-49.915359483056946
6.592697367376728,-49.918997559984355
6.791819305051239,-49.933587096085766
6.86898066047881,-49.942093220325724
6.906967956046503,-49.946727273890716
7.018368789290262,-49.9612993399447
7.126877781485393,-49.97704338723658
7.198036966301523,-49.98835847023178
7.267704221076072,-50.00028684957494
7.301745563551361,-50.00666891830466
7.3353436199749105,-50.013181795832544
7.498428896198327,-50.04757646871182
7.530769974450679,-50.054505883768044
7.594546929973311,-50.06941208304237
7.687895721833554,-50.09342367441815
7.7181828753065105,-50.10166334763741
7.777605288684826,-50.11865147631918
7.836520856738183,-50.136311134640025
7.865900955338503,-50.14541298651473
8.010175968059718,-50.194370684155686
8.03851347410834,-50.20439228664957
8.066687203236114,-50.21459358664604
8.122537930889708,-50.23580217069395
8.257061181392073,-50.29079324453486
8.30977195888275,-50.31289364953407
8.335844535912246,-50.32406025405303
8.36168375638192,-50.33527501600647
8.437797857250398,-50.369208434995635
8.534700275377531,-50.41637592606715
8.558046462051461,-50.4284969485215
8.60369580289474,-50.45279042133322
8.625979143309122,-50.465077278311824
8.669590513914901,-50.490009990919255
8.733043427616597,-50.52768932148251
8.753877997241782,-50.54043074097345
8.794696887906278,-50.56636485451154
8.853224997940368,-50.60612917911512
8.909905657232784,-50.646354492606974
8.945796224151923,-50.67385985079174
8.98111647498918,-50.701281167677635
8.998552290485474,-50.71496259026005
9.015882993415577,-50.72862070907793
9.117571272294608,-50.808812512267025
9.133858093241335,-50.82205365641052
9.15002306668528,-50.83524034045426
9.198070871302429,-50.87430722126923
9.229959998643196,-50.89989663729472
9.27792816512278,-50.937218844755485
9.326397012904582,-50.97367561569828
9.342717193821205,-50.98543202197914
9.359136500191733,-50.99695433819841
9.392308383443149,-51.01942481107893
9.425987826760702,-51.041183682784634
9.495178042482507,-51.08254478467191
9.51290433558065,-51.09231351258822
9.530816781473593,-51.1018408668916
9.585788210374462,-51.1295732233183
9.642486949512607,-51.156199854101544
9.69932413075454,-51.180930708528685
9.718862440853952,-51.18867949396893
9.758311157360005,-51.2037422496968
9.816980790016453,-51.22584185872762
9.856194573530859,-51.239218369448956
9.875994376166226,-51.2456100005881
9.896054267104086,-51.25183414223402
9.997603941369883,-51.28018885796433
10.058924592062239,-51.29433302942621
10.100530152310759,-51.30318056986863
10.100530152310759,-51.30318056986863
10.185640963628494,-51.31743923773329
10.22851955918242,-51.32341400983259
10.272155989001872,-51.328704123350526
10.338220636552428,-51.33485064329786
10.38241045517326,-51.33811104679979
10.40456167958306,-51.339420581901585
10.42691477777938,-51.34048831939548
10.472270630418318,-51.341908163699856
10.518011162759274,-51.34252709485305
10.563725959341964,-51.342209941504954
10.656029659769228,-51.338109240138785
10.67948276832836,-51.336286429989336
10.703135168196741,-51.33412610147424
10.775465665393517,-51.32566297387491
10.824530988263907,-51.318315765473564
10.92412467038992,-51.299285617892004
10.95004041211613,-51.29359691338898
10.976232858895312,-51.28752479584984
11.135185527983685,-51.243411693358
11.161808081556638,-51.234795147040124
11.188662176696765,-51.22580927454965
11.215792932923225,-51.216464781893436
11.270522295784978,-51.19690588281776
11.381228280396664,-51.154573983700914
11.46391933335976,-51.120759272568655
11.520107204594334,-51.096940319151344
11.548544909480082,-51.08464180970707
11.661801979734223,-51.03476358793396
11.717962341348878,-51.00981682517864
11.746338357461706,-50.99720453524564
11.774843047394123,-50.98449950348161
11.831812802830127,-50.95882017183652
12.003559819487268,-50.88131588229526
12.060375691704298,-50.855928876144425
12.08886601032846,-50.84325171518405
12.117578986943517,-50.83060073802058
12.175227901455697,-50.80540348010759
12.291159838493607,-50.75498042187733
12.320404372309746,-50.74232113298872
12.379265387110745,-50.71702440921009
12.468944223131484,-50.67962158124626
12.49930200276162,-50.66711293518261
12.529914348411754,-50.65450305467318
12.719573807731017,-50.57738614721895
12.752252602408362,-50.56413802341811
12.78515073281299,-50.55061617145162
12.851396990875324,-50.52281020436175
12.919159673159324,-50.49448857257097
13.05759654707841,-50.43579574219145
13.127293083054743,-50.4044932007359
13.162440016004645,-50.38846289619097
13.197919317092204,-50.372168249886926
13.269548896824489,-50.3388773788943
13.415566409593001,-50.269657065578954
13.489556866932665,-50.233406283715425
13.564208902037825,-50.196434344333156
13.638852983389251,-50.159163137180236
13.714216394329146,-50.121342280296815
13.829792960972139,-50.06393058917344
13.868581325715596,-50.04478524320837
13.946598193277584,-50.00655287178045
14.105666973335067,-49.93011910210009
14.18680036369263,-49.891775048351725
14.22758883004894,-49.872491460108996
14.30954864708115,-49.83392303207545
14.391648447844855,-49.79615232482197
14.557385512413308,-49.71994626560196
14.599169311866182,-49.700305455283655
14.641043808830116,-49.680600331557024
14.724942151721216,-49.64096797758122
14.893417418347424,-49.55997622659973
14.97706308217432,-49.51819677397102
15.018776988376517,-49.496930865934544
15.06051106911314,-49.47539644603325
15.144191431577104,-49.431468275995535
15.352984637286601,-49.31624505125623
15.435418936596747,-49.26783478070394
15.517662885981366,-49.21807951463037
15.599615349885342,-49.167008178430805
15.721822945987807,-49.088899779896906
15.802421998806938,-49.03597666356202
15.882331623822786,-48.982046298047074
15.922026056112117,-48.95480078870989
15.961601102224945,-48.92742616472555
16.04049725487802,-48.872425748168354
16.19493326139114,-48.762192848195184
16.27186069949451,-48.70710113735953
16.34799965840408,-48.652326930856084
16.385489052471225,-48.62507128756177
16.459725857215105,-48.57054423525875
16.606204631290694,-48.46315937169842
16.67889283968052,-48.40996106343448
16.715323354041473,-48.38343759247229
16.893708212779647,-48.25370594614718
16.92840624885983,-48.22821236722574
16.99738082419774,-48.17767470887627
17.03163770882722,-48.15265701366998
17.168336804363328,-48.054556054660644
17.236443770830775,-48.0067330849274
17.27023042966256,-47.983089025595135
17.303872349365882,-47.95959009712716
17.370881827252276,-47.913038684149136
17.471203432044135,-47.8446029667749
17.570333726056628,-47.77880348128129
17.603044660681018,-47.757239621298346
17.668936881751954,-47.714661078314734
17.73560569296894,-47.67295369420869
17.835568304967214,-47.612031335763085
17.902435729829634,-47.57223952022555
17.969323433354955,-47.53322739455506
18.00283146011112,-47.51402131806951
18.07011089042811,-47.476204950212555
18.20633691947148,-47.40260033264169
18.275526128943184,-47.36638106831239
18.31042601983355,-47.34852119639499
18.380882992723805,-47.313506587643694
18.48830662588147,-47.2617787375564
18.561162608594824,-47.227579475900455
18.63506078539659,-47.19358425912594
18.672406272191054,-47.1768256617324
18.71001201407937,-47.1603722917993
18.860891187641986,-47.096703218153856
18.937810357956863,-47.065749180274416
18.97644862317934,-47.05059385233418
19.053523279441233,-47.02098989110563
19.247636880793465,-46.95054905686303
19.28704022838232,-46.93697121205754
19.366014040993708,-46.91041302143271
19.405413979136753,-46.89751796900904
19.44455375576228,-46.88505401591573
19.52226213768862,-46.861192132528984
19.640264389597885,-46.826458041181624
19.71859377214902,-46.80439283927168
19.797071512494856,-46.783100393402414
19.83637654177777,-46.77275582563757
19.9948511728675,-46.73309770063933
20.074539507934553,-46.71424069554357
20.114409796121663,-46.705047780877344
20.1543351176119,-46.69599134254509
20.234470052299933,-46.678253113363866
20.315154135262656,-46.661012366122996
20.355696495230607,-46.65265995596789
20.51862965515679,-46.620800446012495
20.601716358517272,-46.6049185655066
20.68506175451233,-46.58965203002592
20.72647406801581,-46.58252314964038
20.76801769816026,-46.5755549170985
20.93717517304239,-46.54845803259621
21.02304724871937,-46.53541117250485
21.06613995512195,-46.52906153057222
21.109343287844656,-46.52283856972266
21.19599351168736,-46.510985086131726
21.41650403471955,-46.482463126378676
21.461300299559284,-46.476811995008646
21.50632585393331,-46.47127329259851
21.551621234260917,-46.465773650417795
21.597197984434462,-46.46022735481691
21.82863005990299,-46.43296516535823
21.875723506518646,-46.42777476661741
22.0187186691023,-46.412233035822375
22.0669520941738,-46.40693793367425
22.115458221167593,-46.40161473353564
22.311834903547254,-46.381704198927174
22.361646589966618,-46.37686420826281
22.411746043917596,-46.372027634071536
22.462123216569903,-46.3672027617709
22.666339569479064,-46.34827754629063
22.82172429144696,-46.334300152114416
22.874193394886614,-46.329504498855776
22.926989415617815,-46.32460592875846
22.98006656848357,-46.319596184589315
23.033402345037896,-46.314467843564024
23.358800590941968,-46.280621205268424
23.413972425513414,-46.27435525707446
23.469423499560747,-46.267873776371594
23.525156527997254,-46.261164403085914
23.637478104775155,-46.24702519674032
23.750947210186688,-46.23195800277555
23.923330249010434,-46.207850108655464
24.039320447329757,-46.19145498123663
24.15633821867235,-46.174331416663655
24.274338001062077,-46.15662241587974
24.33375196951648,-46.14753384888803
24.452957469081937,-46.12945965478107
24.632640925371984,-46.10258288107829
24.752584879626507,-46.084938604635084
24.873054590747973,-46.06768719158195
24.93359735184102,-46.05926354549738
24.99429049097225,-46.050943543573084
25.177020689982285,-46.02629825216934
25.299328401660304,-46.01007968528965
25.606826088206937,-45.97023125918135
25.668792612851938,-45.962233871517014
25.730954564764794,-45.9541769702462
25.793322704324282,-45.94603976100289
25.91871853650941,-45.92954165638584
26.045042413450755,-45.91269099841582
26.236298586678245,-45.886289163706536
26.365015824950103,-45.86813879946638
26.429435989827343,-45.85887041972841
26.493939277266275,-45.84941741993591
26.623702412589687,-45.82993300813223
26.886181376186904,-45.7888421067712
27.018572309043055,-45.767306305842716
27.15158984854725,-45.74510799943115
27.21835263806707,-45.7337456171429
27.28529837540335,-45.72219577331477
27.41977728174022,-45.69851295650442
27.622223780821002,-45.66193938196317
27.757297031041617,-45.637158460253694
27.892853994511515,-45.61167110763181
27.960709020661817,-45.59859021281183
28.028566992000894,-45.58543528949824
28.164171695104415,-45.559065030220864
28.367187060173013,-45.518530495888555
28.434903279920835,-45.50477018042934
28.6380401283705,-45.46296110336285
28.705477975628256,-45.44897894239975
28.839825255522943,-45.42102111567728
28.97410970044711,-45.39276129747837
29.108605370538985,-45.36430358878008
29.17580915767765,-45.3502511875207
29.24306021994627,-45.33614174038294
29.377832783234453,-45.30757683349428
29.58074061743936,-45.26402406904964
29.648562840284214,-45.24939097853178
29.784533604702652,-45.21999170967151
29.921058794390667,-45.190395271836515
30.19613353121779,-45.13196142218223
30.265430530759726,-45.11715859278503
30.334908200801106,-45.102298139065546
30.404588114829636,-45.08737478330011
30.474494799900025,-45.072372086107634
30.756014885736285,-45.012809611110875
30.898038017110355,-44.982938252981405
30.969205823084685,-44.96802810098123
31.040476128806635,-44.953144030525294
31.183593492649795,-44.92329499175471
31.327494344585034,-44.893328631518386
31.39971091528628,-44.878309837998586
31.4720891655096,-44.86327239487105
31.61709756627529,-44.83327093536296
31.762222631962192,-44.80342251909271
32.052289326274995,-44.74387830035357
32.12505684841291,-44.7288479395171
32.19790085029179,-44.71375121544575
32.27080156414368,-44.69859361319847
32.34372833757589,-44.68338243551438
32.634053572713306,-44.622364624602874
32.77924556607308,-44.591448986319364
32.85187032076999,-44.57587017046031
32.92450336793783,-44.56020559675956
32.99714309851392,-44.54445197271951
33.286730633593855,-44.48091152152387
33.4312563076681,-44.44899703730686
33.503241552977414,-44.43305971360503
33.57502298198552,-44.41711376779265
33.57502298198552,-44.41711376779265
33.86189136942637,-44.352614712974365
33.93359524092145,-44.33629244051697
34.00525462593269,-44.31991746435448
34.14827704527195,-44.28695281373879
34.290925202532634,-44.25390437724814
34.36193599165495,-44.23746648456643
34.64531944972434,-44.171416431204065
34.71621581595079,-44.154702353552274
34.787139846660345,-44.13790087026032
34.85809192796503,-44.121011319255935
34.99986153299515,-44.087061621490385
35.14052393681019,-44.05252733290814
35.35114522240887,-43.99957620688476
35.49185258719454,-43.963693748037464
35.562242070175074,-43.94554015204506
35.6326237863382,-43.92723769487378
35.773284763619486,-43.8901659516441
35.91352062520822,-43.85250650126674
35.983347741036056,-43.8335330665051
36.05316628729002,-43.814431910042735
36.332980728439345,-43.73653381865681
36.47324911810278,-43.69679576943741
36.54346437626323,-43.676763362366565
36.613745750869306,-43.65663236214655
36.75457068687212,-43.61609224380352
36.82512788190219,-43.59563662654536
37.1060596044879,-43.51244540557773
37.2470587933504,-43.47035782819163
37.317738240403244,-43.44915564033521
37.4584447014749,-43.406132050140656
37.528507783574,-43.38437778811719
37.59844507994447,-43.362466985160104
37.668250836628985,-43.340391153388595
37.87662718882424,-43.27311558209455
38.01440197458648,-43.22732046508564
38.08287879215871,-43.20435439314241
38.15110075151381,-43.181535855374776
38.28682605684086,-43.13541614534489
38.42135479587902,-43.08829192411815
38.620613472058686,-43.01621687577814
38.75246073991554,-42.9677372333472
38.75246073991554,-42.9677372333472
38.81791801237197,-42.94327533467693
38.88307012240959,-42.91864971030348
39.01229168698605,-42.868970568451275
39.203591776399435,-42.793339209703674
39.330197802879034,-42.742021750314436
39.45566610176134,-42.689822102450954
39.45566610176134,-42.689822102450954
39.518104994427944,-42.663363273608
39.580273379785446,-42.636652461954554
39.703906296971226,-42.582444653404856
39.82633931429904,-42.52713481626335
39.887199341003935,-42.499051243203326
40.008117606804156,-42.441996717367246
40.18706824169202,-42.354128156927416
40.24641572343318,-42.32421255956359
40.305287213272386,-42.29407937773324
40.42169739446102,-42.233219326705765
40.42169739446102,-42.233219326705765
40.53680482540375,-42.171359842471674
40.651114447960346,-42.10849300038484
40.76379187458322,-42.045012526045966
40.87452688179155,-41.98123111585623
40.92929260043545,-41.94921239416293
40.98366101572027,-41.91711077690226
40.98366101572027,-41.91711077690226
41.249637831528375,-41.75635725649424
41.30143403678844,-41.72440030838021
41.35276845558651,-41.692550073629825
41.4036472987933,-41.66082127708607
41.454069434832974,-41.62922938365987
41.553523857751635,-41.56649717059719
41.69914252267959,-41.47377341468714
41.7467781475578,-41.44328404247545
41.84100843180573,-41.3829985235727
41.88764782727097,-41.35321177620209
41.933932972630686,-41.32366409082408
41.97983308930834,-41.29436159749501
42.114964123943196,-41.20801192308716
42.203683626139565,-41.151837503213855
42.24742714311921,-41.12417535746695
42.24742714311921,-41.12417535746695
42.333997117809666,-41.06970674949592
42.41987930430956,-41.01624074496321
42.46230456619026,-40.98990684982361
42.628259472155655,-40.88784756038989
42.66936714874682,-40.86295783336951
42.71005330390878,-40.83831788405188
42.71005330390878,-40.83831788405188
42.7906504328745,-40.789723755183644
42.87037996572881,-40.742015272155335
42.90963413756207,-40.718502866253736
43.02527863482399,-40.6491985979472
43.100035237259696,-40.604133115654136
43.100035237259696,-40.604133115654136
43.13689409086996,-40.58197879449112
43.17340296389941,-40.56000555955976
43.24528926151159,-40.51664721241208
43.35054212827063,-40.453398483164825
43.41963699301497,-40.412113442910794
43.45371471512837,-40.39167569139532
43.4874135678077,-40.371403154650416
43.52075336710614,-40.351314921776826
43.5536884976642,-40.33144565214054
43.61889674804267,-40.29230536333073
43.65121811355133,-40.27299486796022
43.683366682209716,-40.253839852237405
43.778886965567445,-40.19731505660784
43.842105082573816,-40.16025262582871
43.87361575077503,-40.141843358089815
43.87361575077503,-40.141843358089815
43.9678684113287,-40.08812584157545
44.03053378372834,-40.05335494254872
44.06184401918583,-40.036156981917344
44.0931538047702,-40.019104275679524
44.12447203943842,-40.00222491379537
44.18716320303871,-39.969095741837044
44.21854877830377,-39.952893791102646
44.24996875378879,-39.93695834677436
44.28142848784491,-39.921309647780696
44.312933216885106,-39.90596331744712
44.4077711932571,-39.861846482336304
44.439515247580054,-39.84773069171638
44.47133981254506,-39.83384397398074
44.503248934755256,-39.82018404071238
44.53524518016899,-39.80676251539848
44.53524518016899,-39.80676251539848
44.599510538655885,-39.78073913117152
44.664178175048676,-39.755812195064536
44.762047760457705,-39.71992141827363
44.79492377508901,-39.70828709115888
44.827934939695105,-39.696782694489215
44.86108618744207,-39.685385229824284
44.86108618744207,-39.685385229824284
44.92782722549174,-39.66280291207062
44.99518020986218,-39.640392222959754
44.99518020986218,-39.640392222959754
45.097443148301906,-39.60739593099672
45.16648642744184,-39.58588057714594
45.20127340481062,-39.57517068258353
45.20127340481062,-39.57517068258353
45.23624249172053,-39.56441119860801
45.306732313381424,-39.543408531855356
45.37788188269707,-39.5230238272932
45.37788188269707,-39.5230238272932
45.41366588947409,-39.51294400865693
45.52242778574344,-39.48306336246151
45.596029789202916,-39.46351120404338
45.63312714582747,-39.45410071364493
45.67041652632042,-39.44512319912679
45.70781522188537,-39.43642474809148
45.78334513759268,-39.41940569457848
45.859868120884585,-39.402720328703445
45.859868120884585,-39.402720328703445
45.898465876536314,-39.39470075373354
46.05391347904299,-39.363856796968086
46.092799601288114,-39.35637492680771
46.092799601288114,-39.35637492680771
46.13184214054865,-39.349184533713746
46.17104838723408,-39.34218168036305
46.25029058133546,-39.328541662331055
46.25029058133546,-39.328541662331055
46.32959873135957,-39.31538206820763
46.36914806339174,-39.30876802119391
46.52692209697889,-39.28196941167052
46.52692209697889,-39.28196941167052
46.56660146066842,-39.27533262779228
46.60638077870005,-39.26886952116089
46.60638077870005,-39.26886952116089
46.685274657459345,-39.25630506779388
46.764448424139545,-39.243767289466746
46.88283930122849,-39.22476161123049
46.92262993647015,-39.21828159144768
46.96255414636407,-39.21175403773334
46.96255414636407,-39.21175403773334
47.002560387327065,-39.205160599081296
47.04264927055765,-39.19869388673881
47.12287286159045,-39.185660936353926
47.12287286159045,-39.185660936353926
47.203985693461455,-39.172318928724465
47.36887727796203,-39.144759851088665
47.410697418113685,-39.13766601016474
47.45278189025671,-39.13046412526911
47.49514163959313,-39.123141101269276
47.5807241695229,-39.10808435577995
47.667508518939236,-39.092410712434024
47.71136731723585,-39.08431952398475
47.755544889097514,-39.076052982090665
47.80005843764703,-39.06771924794821
47.80005843764703,-39.06771924794821
47.89009025236944,-39.05064201383562
47.98145314143043,-39.03265481138903
47.98145314143043,-39.03265481138903
48.027644910660186,-39.02333107274342
48.121070216319104,-39.004082679929475
48.26385756474313,-38.973716055670494
48.31216953129882,-38.96318183179868
48.31216953129882,-38.96318183179868
48.40987930600712,-38.941465451534945
48.50904668796493,-38.91884797471369
48.50904668796493,-38.91884797471369
48.55918011202264,-38.907188577388894
48.55918011202264,-38.907188577388894
48.76334958680863,-38.85852968889864
48.81491403771175,-38.84577508937643
48.86655939589694,-38.83267573661762
48.97068203042835,-38.80571911721892
48.97068203042835,-38.80571911721892
49.07637515267105,-38.77812530602483
49.12978505179261,-38.764041226691695
49.18353256312732,-38.74973654098714
49.29182435855626,-38.720443838001614
49.40096232316771,-38.69028196141437
49.40096232316771,-38.69028196141437
49.511070498142566,-38.659330109280035
49.56655527347431,-38.64360159931284
49.56655527347431,-38.64360159931284
49.62236641174625,-38.62779904122718
49.67851280304172,-38.611868586842725
49.791840462592,-38.57938583583777
50.02297339279454,-38.51237827771111
50.02297339279454,-38.51237827771111
50.0817345860241,-38.49524703433892
50.14089650835478,-38.47796404446208
50.26041688770288,-38.442823032938826
50.26041688770288,-38.442823032938826
50.38155193455749,-38.40696433205292
50.44272439605597,-38.38874005765509
50.44272439605597,-38.38874005765509
50.5043044968674,-38.37033609085801
50.62866765070083,-38.33286689584047
50.754643632338414,-38.294572499858226
50.818233075158886,-38.275108403353286
50.88221089387026,-38.25538428580825
50.88221089387026,-38.25538428580825
51.01135381926807,-38.215315284310876
51.142037435534945,-38.17432829161781
51.142037435534945,-38.17432829161781
51.20793771854163,-38.15344372943498
51.274210984829516,-38.13232698149759
51.40785823588061,-38.08938888310736
51.542940757535746,-38.04549154748573
51.679448507405006,-38.00076512456993
51.679448507405006,-38.00076512456993
51.7482185953434,-37.97806064832025
51.7482185953434,-37.97806064832025
51.886772258761994,-37.931999717577035
52.02664145471184,-37.88505552676107
52.02664145471184,-37.88505552676107
52.238844544628996,-37.81308795892768
52.310201946172306,-37.78870358971249
52.38186667513876,-37.76414580435781
52.453833349170075,-37.73941683716206
52.453833349170075,-37.73941683716206
52.52608562852018,-37.71447592911171
52.59862292759385,-37.689338265231434
52.74447741548628,-37.63843450766947
52.74447741548628,-37.63843450766947
53.03947304457211,-37.53472906529431
53.11387134751771,-37.50844735870378
53.18851559515232,-37.48203120749452
53.26340074200988,-37.45548707687244
53.26340074200988,-37.45548707687244
53.41387624173113,-37.402047067378724
53.565266316152886,-37.34820003853468
53.565266316152886,-37.34820003853468
53.641295537368116,-37.3211488589438
53.7175431970705,-37.29402645225752
53.87068109068571,-37.23960735135142
53.87068109068571,-37.23960735135142
54.10194779327784,-37.1576829562267
54.1794403040212,-37.13032959551007
54.33501189981616,-37.075595497297954
54.41308485612777,-37.04822773020391
54.49134521070605,-37.020868311235944
54.56978877464623,-36.993523282381595
54.56978877464623,-36.993523282381595
54.648411399870945,-36.96619788569415
54.80617865156413,-36.91162335355017
54.80617865156413,-36.91162335355017
54.964615745711946,-36.85717247555056
55.20345666707438,-36.77578407742779
55.28336887938297,-36.74874167166334
55.36342073636796,-36.72174762566553
55.44356956508159,-36.694878476962685
55.44356956508159,-36.694878476962685
55.52364406091159,-36.668194273102806
55.68349440527042,-36.61533155425705
55.68349440527042,-36.61533155425705
55.84366389800012,-36.56276502481624
55.92383298341612,-36.5366323837571
55.92383298341612,-36.5366323837571
56.003996502748876,-36.51067370607884
56.003996502748876,-36.51067370607884
56.32454361565202,-36.408034033096115
56.32454361565202,-36.408034033096115
56.48463776574683,-36.35744592746367
56.564581864863186,-36.332438309654634
56.564581864863186,-36.332438309654634
56.64447253941161,-36.30761845731165
56.80420380892161,-36.258400477497275
56.88403190315143,-36.234058756975855
56.96381475529307,-36.20996229732652
57.04355721127467,-36.18611533295043
57.04355721127467,-36.18611533295043
57.123304917590666,-36.162434039667914
57.28292948366895,-36.1153875391895
57.28292948366895,-36.1153875391895
57.44277229552144,-36.06873469274076
57.522775742838824,-36.04557210907284
57.60279881289309,-36.02260092102389
57.76298378310947,-35.977104776908725
57.84317927626407,-35.95452043946981
57.923451511498236,-35.93203366911418
58.003803628070514,-35.90964162154013
58.003803628070514,-35.90964162154013
58.08423715017516,-35.88734475465358
58.24524044554704,-35.84328650833015
58.24524044554704,-35.84328650833015
58.487213934926245,-35.77819259871502
58.487213934926245,-35.77819259871502
58.56796893504762,-35.756790013462975
58.72957909652557,-35.71445727843459
58.72957909652557,-35.71445727843459
58.89135226408327,-35.67259890497573
58.97231341937727,-35.651792304149055
59.05332156856619,-35.631060085915315
59.05332156856619,-35.631060085915315
59.21544880024773,-35.589846109549846
59.21544880024773,-35.589846109549846
59.458827505783475,-35.52875604421474
59.53999160352232,-35.50859602745585
59.53999160352232,-35.50859602745585
59.70238243893215,-35.46854688389097
59.78361584290654,-35.44863725279329
59.86487994097866,-35.42878849681777
59.946178834909624,-35.40898792397062
59.946178834909624,-35.40898792397062
60.027516444320774,-35.38922288222708
60.190321993004495,-35.349751057176306
60.190321993004495,-35.349751057176306
60.27179605627139,-35.33002156852613
60.3533208652434,-35.3102818099599
60.598217931973736,-35.25090884818624
60.761764083205456,-35.21112211838828
60.8436234521823,-35.191147340542855
60.8436234521823,-35.191147340542855
60.92553973416349,-35.17110864679006
61.007512290698934,-35.15100010814033
61.007512290698934,-35.15100010814033
61.17162381185168,-35.110556445933774
61.335950648362605,-35.06978566741156
61.335950648362605,-35.06978566741156
61.41819145338245,-35.04926932167664
61.50048130417732,-35.02866082793484
61.66520058480417,-34.9871577609475
61.66520058480417,-34.9871577609475
61.830091959581914,-34.945259817977494
61.830091959581914,-34.945259817977494
61.912596358357575,-34.924158275033186
61.99513662080489,-34.902953136407945
62.16031487788924,-34.86023097800218
62.325594888801994,-34.81725911593722
62.325594888801994,-34.81725911593722
62.40810099379123,-34.79552056827745
62.40810099379123,-34.79552056827745
62.49052130881142,-34.77357939940498
62.65535886835302,-34.72935414570366
62.65535886835302,-34.72935414570366
62.820188029083944,-34.68471610672464
62.820188029083944,-34.68471610672464
62.90256288423796,-34.66222792485688
62.98489299802036,-34.63961889752026
62.98489299802036,-34.63961889752026
63.149384381295384,-34.594026960036466
63.31362151115038,-34.54793396325309
63.31362151115038,-34.54793396325309
63.395641805329035,-34.52470312234224
63.477597705656095,-34.501351505709884
63.477597705656095,-34.501351505709884
63.641329219103426,-34.45430266925905
63.80485048223832,-34.40682757653114
63.80485048223832,-34.40682757653114
63.88654538673357,-34.38294417028352
63.96820341463725,-34.358969648290895
64.04982903792553,-34.33491279670912
64.04982903792553,-34.33491279670912
64.21293149433441,-34.28675487779044
64.37592932237233,-34.23838926710946
64.37592932237233,-34.23838926710946
64.45737965592357,-34.21419044405004
64.53880010796614,-34.18998654756313
64.70159951148095,-34.14147982726787
64.70159951148095,-34.14147982726787
64.86435903171764,-34.09287742814884
64.86435903171764,-34.09287742814884
64.94572465640135,-34.06856509382364
65.02708160176284,-34.044256191199246
65.02708160176284,-34.044256191199246
65.18977418467942,-33.99566886389179
65.35245101425757,-33.94714052819885
65.35245101425757,-33.94714052819885
65.43378989519229,-33.92290071031003
65.51513326550048,-33.898676820322805
65.51513326550048,-33.898676820322805
65.67784645833498,-33.85027007565183
65.84061656149088,-33.80190188346693
65.84061656149088,-33.80190188346693
65.92203082065733,-33.777725252606025
66.00346857564375,-33.75354989315502
66.16642549002454,-33.70519130607803
66.16642549002454,-33.70519130607803
66.3295073086063,-33.65680353477009
66.3295073086063,-33.65680353477009
66.41110051690502,-33.6325922251092
66.49273113209485,-33.608366138777335
66.49273113209485,-33.608366138777335
66.65611114104784,-33.55986116997993
66.81965878075603,-33.51127347578648
66.81965878075603,-33.51127347578648
66.901498340011,-33.486944637799375
66.9833829544984,-33.4625906716479
66.9833829544984,-33.4625906716479
67.14729021774745,-33.41380295541697
67.31138502130648,-33.36490300594767
67.31138502130648,-33.36490300594767
67.39350361071052,-33.340409259473624
67.47566989067221,-33.31588567393436
67.55788390971452,-33.291331909356835
67.55788390971452,-33.291331909356835
67.72245489420932,-33.24213303276383
67.88721516566018,-33.19281198480804
67.88721516566018,-33.19281198480804
67.96966550357082,-33.16810584002811
68.0521621016695,-33.14336958284402
68.0521621016695,-33.14336958284402
68.21729205902135,-33.09380793853226
68.38260048025913,-33.04413005534359
68.38260048025913,-33.04413005534359
68.46531999688422,-33.019248711482156
68.54808214632195,-32.994339924504516
68.63088619239232,-32.96940430133304
68.63088619239232,-32.96940430133304
68.79661690233516,-32.91945510998725
68.96250583526748,-32.86940660934895
69.04550761969406,-32.84434693353345
69.04550761969406,-32.84434693353345
69.12854658199514,-32.81926480087023
69.21162193981802,-32.79416107614585
69.37787857815766,-32.74389185937422
69.37787857815766,-32.74389185937422
69.54427121201589,-32.69354568020026
69.54427121201589,-32.69354568020026
69.62751665605249,-32.66834587929152
69.71079389268517,-32.643129425717746
69.87744090613691,-32.592649714387036
69.87744090613691,-32.592649714387036
70.04420690426916,-32.54211302116508
70.1276330097068,-32.516825414459646
70.1276330097068,-32.516825414459646
70.2110871059166,-32.49152607379315
70.29456867741739,-32.46621583093473
70.4616121695462,-32.41556533820902
70.4616121695462,-32.41556533820902
70.62875979939297,-32.364879588619154
70.62875979939297,-32.364879588619154
70.71237171142778,-32.339525337001895
70.79600857966136,-32.31416444332451
70.96335595351518,-32.26342508591408
70.96335595351518,-32.26342508591408
71.13079986174677,-32.21266621696045
71.13079986174677,-32.21266621696045
71.21455755489762,-32.187280952078304
71.29833889491077,-32.16189255381553
71.46597205342951,-32.111108117627516
71.46597205342951,-32.111108117627516
71.63369878090319,-32.06031639853287
71.63369878090319,-32.06031639853287
71.7175972239831,-32.03491891344437
71.80151910125103,-32.009520879689696
71.88546445707873,-31.98412259164571
71.88546445707873,-31.98412259164571
72.05342590342367,-31.933326306733523
72.22148243142013,-31.882532062311284
72.22148243142013,-31.882532062311284
72.30554671236938,-31.857136216793524
72.38963529240816,-31.831741630905125
72.38963529240816,-31.831741630905125
72.55788614514587,-31.780956785528616
72.72623667829122,-31.730178238551613
72.72623667829122,-31.730178238551613
72.81044991213795,-31.70479145846436
72.89468884700464,-31.679406542540082
72.97895375320257,-31.65402350968133
73.14756257184987,-31.603262986047852
73.14756257184987,-31.603262986047852
73.31627868930367,-31.552509737276836
73.31627868930367,-31.552509737276836
73.40067775274835,-31.527135788788932
73.4851045669873,-31.501763561427033
73.56955943037943,-31.47639294351189
73.56955943037943,-31.47639294351189
73.73855450416487,-31.425656036586002
73.90766540116614,-31.374924065087
73.90766540116614,-31.374924065087
73.99226503406497,-31.34955956928843
74.07689455200554,-31.324195966829297
74.07689455200554,-31.324195966829297
74.24624440045044,-31.273470763745536
74.41571717205271,-31.222746922135517
74.41571717205271,-31.222746922135517
74.50050032081323,-31.197385002102603
74.58531501503234,-31.17202289374538
74.67016150332476,-31.146660389213103
74.67016150332476,-31.146660389213103
74.8399507950836,-31.0959332863347
75.00986997945469,-31.0452018892525
75.00986997945469,-31.0452018892525
75.09487879480886,-31.01983400273938
75.17992070074466,-30.994464416299884
75.26499587635567,-30.969092903069647
75.26499587635567,-30.969092903069647
75.43524668605042,-30.918343148510438
75.60563242206577,-30.86758287961097
75.60563242206577,-30.86758287961097
75.69087621297875,-30.842198224693146
75.77615411962466,-30.81681030202057
75.77615411962466,-30.81681030202057
75.94681267225337,-30.766023769731994
76.11760874234028,-30.715221508707053
76.11760874234028,-30.715221508707053
76.20305850653298,-30.689813942716878
76.28854283272919,-30.66440184540245
76.28854283272919,-30.66440184540245
76.45961530624845,-30.61356326365222
76.63082632434268,-30.562704199427333
76.63082632434268,-30.562704199427333
76.71648379587432,-30.53726652161007
76.80217590304946,-30.511823202631916
76.88790262519056,-30.486374075877663
76.88790262519056,-30.486374075877663
77.05945978432987,-30.435457748191723
77.23115493540544,-30.384516309380835
77.23115493540544,-30.384516309380835
77.31705411838087,-30.35903581636756
77.40298762261284,-30.333548646457977
77.48895537365385,-30.308054676750356
77.48895537365385,-30.308054676750356
77.66099328401395,-30.257045870229263
77.83316712935644,-30.206008535058434
77.83316712935644,-30.206008535058434
77.91930477900438,-30.18047892900979
78.00547610780748,-30.15494192683948
78.09168100401483,-30.129397452171954
78.09168100401483,-30.129397452171954
78.2641910302375,-30.07828580699627
78.43683388799687,-30.027143507079984
78.43683388799687,-30.027143507079984
78.52320481231013,-30.001560737814497
78.60960856250928,-29.97597017778569
78.69604500586337,-29.950371795798887
78.69604500586337,-29.950371795798887
78.8690154310819,-29.899151467173727
79.0421155670497,-29.847902472962637
79.0421155670497,-29.847902472962637
79.12872722867009,-29.822333963566447
79.21537919343963,-29.796802948020655
79.3020647408221,-29.7712789459409
79.3020647408221,-29.7712789459409
79.47555981712391,-29.720387955047386
79.64920036334605,-29.669624485211152
79.64920036334605,-29.669624485211152
79.73608079678449,-29.644328039641117
79.82299621109618,-29.619057332229247
79.90994717358608,-29.593812199631856
79.9969354386565,-29.568599438273488
79.9969354386565,-29.568599438273488
80.17103105738218,-29.518300655662777
80.34529397909466,-29.46820399309864
80.34529397909466,-29.46820399309864
80.43249015091688,-29.443237573890983
80.51973025581235,-29.418326772601553
80.51973025581235,-29.418326772601553
80.6943423793782,-29.368663353210174
80.86912804230924,-29.31918511338213
80.86912804230924,-29.31918511338213
80.95658433395555,-29.294503263221827
81.04408188343405,-29.26985280993647
81.04408188343405,-29.26985280993647
81.21919652815092,-29.220623737006736
81.39446260092507,-29.171453505646745
81.39446260092507,-29.171453505646745
81.4821492574112,-29.146877274976397
81.56986989769163,-29.12230031789013
81.56986989769163,-29.12230031789013
81.74540799585274,-29.07312640631489
81.92106687464553,-29.02389917453652
81.92106687464553,-29.02389917453652
82.00893860865378,-28.999256653874184
82.09683687584518,-28.974590235423
82.09683687584518,-28.974590235423
82.27270875770316,-28.925174858571374
82.44867465790443,-28.875634252349116
82.44867465790443,-28.875634252349116
82.53669063494229,-28.850812148211254
82.62472734536551,-28.825952762081894
82.71278403124052,-28.80105470248173
82.71278403124052,-28.80105470248173
82.88895467265134,-28.751138261118328
82.97706737763303,-28.726118012231485
83.06519767777579,-28.70105570284814
83.15334502595174,-28.67595066180011
83.24150890233695,-28.65080229969946
83.32968887241542,-28.625610274811986
83.32968887241542,-28.625610274811986
83.50609565156513,-28.575094697274498
83.68256306287341,-28.524404436222092
83.68256306287341,-28.524404436222092
83.77081901384653,-28.49899456089825
83.85908942267969,-28.473541567132663
83.94737417548869,-28.448046004433916
83.94737417548869,-28.448046004433916
84.12398631547082,-28.396933145705784
84.30065525160028,-28.345659768539075
84.30065525160028,-28.345659768539075
84.38901108567714,-28.319964496630543
84.47738109830539,-28.294231004800416
84.47738109830539,-28.294231004800416
84.6541640299688,-28.242653456712883
84.83100515543786,-28.19093590384416
84.83100515543786,-28.19093590384416
84.91944798578383,-28.16502742248086
85.0079058338155,-28.139086995698783
85.0079058338155,-28.139086995698783
85.18486749586035,-28.08711473874065
85.36189220253526,-28.03502825933961
85.36189220253526,-28.03502825933961
85.45042889871952,-28.008945036985597
85.53898215290587,-27.982836477180168
85.53898215290587,-27.982836477180168
85.7161395614126,-27.93054781306756
85.89336700163307,-27.878171289810474
85.89336700163307,-27.878171289810474
85.98200781112986,-27.85195286157786
86.0706670983902,-27.825715690912922
86.15934519962305,-27.79946084644338
86.15934519962305,-27.79946084644338
86.33675921533211,-27.74690240114385
86.51425258372053,-27.694285847186283
86.51425258372053,-27.694285847186283
86.60302987049668,-27.667958299684443
86.60302987049668,-27.667958299684443
86.78064733944178,-27.615269604499222
86.95835082394665,-27.56254229246744
86.95835082394665,-27.56254229246744
87.04723561280157,-27.536166394026296
87.13614287239577,-27.509783573354113
87.13614287239577,-27.509783573354113
87.3140259943503,-27.45700047304645
87.49200246104189,-27.404199283494393
87.49200246104189,-27.404199283494393
87.58102605075342,-27.37779384062072
87.67007054383211,-27.351386994409168
87.75913395289422,-27.324979925121948
87.75913395289422,-27.324979925121948
87.9373080492093,-27.27216944097718
88.11552433516673,-27.219370670001425
88.11552433516673,-27.219370670001425
88.2046390021914,-27.19297795519608
88.29374930951795,-27.166592002855896
88.29374930951795,-27.166592002855896
88.4719340275141,-27.113843850765814
88.65002704001844,-27.06113235520089
88.65002704001844,-27.06113235520089
88.7390194652694,-27.03479257598148
88.82796117154304,-27.00846647106412
88.82796117154304,-27.00846647106412
89.00565202226558,-26.955859979403503
89.18301421270405,-26.903321964904226
89.18301421270405,-26.903321964904226
89.27154273668897,-26.877082088810347
89.27154273668897,-26.877082088810347
89.44822390278995,-26.824673793264473
89.62432010766894,-26.772371698893902
89.62432010766894,-26.772371698893902
89.71211640383675,-26.74626505030425
89.79972399910628,-26.720192290444214
89.79972399910628,-26.720192290444214
89.88712954197361,-26.694155745586897
90.06128217631384,-26.642200433252693
90.1480039430128,-26.61628624721887
90.23447270367599,-26.59041759293732
90.3206734653198,-26.564598018139723
90.40659192164934,-26.538831021766217
90.40659192164934,-26.538831021766217
90.57752924957997,-26.487470629436256
90.66252344927908,-26.461882253300494
90.74718664191934,-26.43635966689214
90.83150623132298,-26.41090583826148
90.9154696500474,-26.385523736972615
90.9154696500474,-26.385523736972615
91.08228140149876,-26.33498827671007
91.16510724407945,-26.30984327632521
91.24753375486435,-26.284784309082077
91.32954973926687,-26.259814479376136
91.4111439693658,-26.234937436348687
91.4111439693658,-26.234937436348687
91.57302648884024,-26.185476199307292
91.65329558074326,-26.16089917511361
91.73310589219696,-26.13642886975162
91.81244764934017,-26.112069013735955
91.89131115441656,-26.087823330816924
91.96968766626732,-26.063695325124176
92.04756892860186,-26.039688404582648
92.04756892860186,-26.039688404582648
92.20181416807034,-25.99205121882634
92.27816301181011,-25.968427566557473
92.35398781854899,-25.944937865477552
92.42928075214378,-25.921585561517283
92.50403402757684,-25.8983740947026
92.50403402757684,-25.8983740947026
92.65189450581593,-25.852386508224672
92.72498920566689,-25.82961658583949
92.79752042914767,-25.806999600757983
92.86948176900566,-25.784538720498716
92.94086683575948,-25.76223709735248
92.94086683575948,-25.76223709735248
93.08188626563103,-25.718123299259364
93.15151062419893,-25.696316717817762
93.22053980470041,-25.674680299439686
93.28896865768182,-25.653216852747647
93.35679202517468,-25.63192915884921
93.35679202517468,-25.63192915884921
93.49060500935997,-25.58989119574802
93.55658683881984,-25.569145732174423
93.62194862688173,-25.54858536690224
93.68668637855609,-25.528212453949983
93.75079607847688,-25.508029307900312
93.75079607847688,-25.508029307900312
93.87711831312366,-25.468240595551894
94.0008934800958,-25.429234310587184
94.0008934800958,-25.429234310587184
94.06182036817596,-25.410028768744308
94.12210179929139,-25.39102430049296
94.12210179929139,-25.39102430049296
94.24072138850357,-25.353625082426827
94.2990573098067,-25.335253727040744
94.35674268139742,-25.317102550613736
94.4137762870783,-25.299163633385014
94.47015779586644,-25.28145564778211
94.52588603675149,-25.26397338210006
94.52588603675149,-25.26397338210006
94.63537802445265,-25.22966373003976
94.68914113908141,-25.2128395202973
94.74224969208647,-25.19624076416361
94.79470273786336,-25.179890357105776
94.84650071865065,-25.163785547293962
94.84650071865065,-25.163785547293962
94.94813529789778,-25.132339781337887
95.04724447035244,-25.10196885439327
95.04724447035244,-25.10196885439327
95.0959168748284,-25.087256563406108
95.14402931934181,-25.072872495409722
95.1915471574644,-25.058774531997138
95.1915471574644,-25.058774531997138
95.28470455558853,-25.031349486426116
95.33035711547609,-25.01803765469452
95.37541129453437,-25.00500719379771
95.41987986710379,-24.992265491901946
95.4637730927862,-24.979816733296197
95.50709937015525,-24.96766250707353
95.50709937015525,-24.96766250707353
95.59207611165824,-24.944232285108335
95.63373510437425,-24.93294815543784
95.67484533003287,-24.921942830188616
95.7154076724898,-24.9112091751043
95.7154076724898,-24.9112091751043
95.75542142473253,-24.90075728932946
95.83380188205402,-24.880631419426713
95.87216808445781,-24.870945832449582
95.90998477545398,-24.861498259864817
95.9472512358336,-24.852271714679187
