-116.86983188290773,27.34201711784499
-116.8697959872401,27.342000813010674
-116.86955857742564,27.34194899027117
-116.86914281288942,27.3418591478647
-116.86804191814235,27.3415857054378
-116.86677391478165,27.341198031464103
-116.86604837705974,27.34095696181191
-116.86523563377911,27.34067954561039
-116.86327404317001,27.339996727094892
-116.86075427721849,27.339107375042108
-116.85924831596478,27.33857038603262
-116.85756049253054,27.33796347935203
-116.8535895680838,27.336513932554407
-116.84875301738806,27.334615157016298
-116.84598404543529,27.33348957113299
-116.83968895217643,27.330885563332547
-116.83614752460862,27.329329805039073
-116.83233219421886,27.327601262907283
-116.82383113685408,27.323714931855026
-116.82383113685408,27.323714931855026
-116.81411077947513,27.31912842570084
-116.80310012063413,27.31378847602104
-116.7970913373647,27.310799098431293
-116.7907401110702,27.307558206917477
-116.76952304039045,27.296534754657213
-116.76170176512736,27.292435247587395
-116.74495539266405,27.28330392942585
-116.72671899277837,27.272824783295185
-116.71705383681334,27.267105455299856
-116.69654370273511,27.254739071192123
-116.68572592887146,27.248069392903343
-116.66290509721524,27.233700051352436
-116.63859543675575,27.217842752894658
-116.62580937608755,27.209336028031377
-116.6126145221678,27.200423651637745
-116.59903423063078,27.191095151787344
-116.57060403939181,27.17123732949842
-116.54057903168886,27.149686207244795
-116.52494911516962,27.138288111381655
-116.5089209990657,27.126439995969218
-116.47555089447563,27.101527383351247
-116.44050306715654,27.07485849503848
-116.42240368721869,27.06080744194396
-116.40390148890606,27.046300984136376
-116.365683149149,27.01605580578137
-116.32582956860654,26.98424115202759
-116.30523689967448,26.967785760150605
-116.26281436621048,26.9337644549202
-116.21878959560317,26.89831176606339
-116.1961767140939,26.88008567671921
-116.17319165392388,26.861524848462558
-116.12612837683595,26.823464134539435
-116.07760090857666,26.784277478646707
-116.0527715500579,26.764320386316758
-116.02758639443584,26.744128337850423
-115.97616369764923,26.70310150546823
-115.92332873361256,26.661328517874516
-115.86906695782098,26.618944257246536
-115.84151109117269,26.59748798096703
-115.81367057286369,26.5758763618305
-115.75709576699462,26.532269564125592
-115.72831490953996,26.510330277204396
-115.699239253631,26.488297776199776
-115.66990523670233,26.46616207351554
-115.6103630359851,26.421693597148217
-115.51922079804912,26.3544645782826
-115.48846077515016,26.33189741085474
-115.42642776589986,26.28655902502985
-115.3952084522854,26.26377803421668
-115.36384003856195,26.240942700655566
-115.33231348998089,26.21806922088353
-115.30070781154946,26.19512217427165
-115.23716661337797,26.149134336377653
-115.17343081352013,26.103199944080686
-115.14147849241621,26.080249831261845
-115.07740488404873,26.03437739522514
-115.0131879578927,25.988588499427745
-114.9810336018859,25.96574698906653
-114.94888500126339,25.942958829834822
-114.88462523571675,25.897596836895065
-114.82038987637715,25.85260928752047
-114.78824777410472,25.83028786305671
-114.75610787431657,25.808099640785347
-114.69181944569334,25.764173070726052
-114.62745716795268,25.720913478020186
-114.59520928723583,25.69955567560054
-114.53065306483167,25.65743415549702
-114.46588479785187,25.616143587720693
-114.43346554453133,25.595831220149517
-114.40095322394981,25.57574143315881
-114.33580847229895,25.53626593021826
-114.33580847229895,25.53626593021826
-114.23762517541428,25.478858370931214
-114.23762517541428,25.478858370931214
-114.20475948921738,25.4602157478452
-114.13888706111115,25.42369215267443
-114.0727259003628,25.388183644934987
-114.0395910087857,25.37081835898578
-114.00635583804373,25.35370593123557
-113.93975624670126,25.320257748460655
-113.8728935673527,25.28783057474293
-113.8058580514229,25.25642392133101
-113.77225345154301,25.24109630455489
-113.7386385994317,25.226021145846676
-113.67120884151826,25.196599899034144
-113.60366568501307,25.168145849921093
-113.56983124624911,25.15427068352312
-113.53600322457548,25.140629933801097
-113.46819820788632,25.11401900742085
-113.40035013882894,25.08828830514094
-113.36638996830669,25.07573957291993
-113.33245417934612,25.063400217143226
-113.26448672649728,25.03931467832709
-113.19654659857792,25.01600039014821
-113.16256616424445,25.00461761891716
-113.12869697651644,24.9934210927167
-113.06114043768395,24.971558445288768
-112.99393676398421,24.950380761180774
-112.9270550832012,24.929849930980133
-112.89378543790261,24.91981987217129
-112.86060954193923,24.90993931711016
-112.79477284036015,24.890626110057486
-112.72959271120399,24.871882837371437
-112.69730978053815,24.86271996938661
-112.66520907225477,24.853689842964794
-112.60177535328114,24.83602690261897
-112.53930544686737,24.818867338283997
-112.50848100459693,24.81047080150915
-112.44764200475947,24.794024507677307
-112.38795519083722,24.778022117147273
-112.35858310948393,24.770179765064093
-112.32950988500687,24.762438448675272
-112.27226624632172,24.74724222141185
-112.21627483973386,24.73240583548041
-112.18877751142446,24.725114185445403
-112.16159374828712,24.71790134794802
-112.10815727362724,24.703695234339204
-112.05599148399928,24.689757772972108
-112.03040635818586,24.6828814583442
-112.00513108942253,24.67606060284691
-111.95549018764996,24.66256969914467
-111.90707534645176,24.64925560762039
-111.88334388020985,24.642657292327872
-111.8599045350948,24.63609188172871
-111.81358485979855,24.623030629896743
-111.767947451731,24.61004499517231
-111.74539161898704,24.603575508205473
-111.72300220312806,24.597117854580585
-111.67865022820799,24.584224964542802
-111.63474893705828,24.57133914487639
-111.61291702388664,24.564890622088544
-111.59112620506485,24.55843440524031
-111.54756097752147,24.5454887595794
-111.50386566823973,24.532483861486767
-111.48192123301703,24.52595429520674
-111.4598905385931,24.519404307779805
-111.41551373986627,24.50623679186356
-111.37063255149133,24.49296946692756
-111.3479744208743,24.486295121319515
-111.32515739229866,24.479592077987643
-111.27900793499694,24.46609561892653
-111.23211058749425,24.4524721701777
-111.20835987767632,24.44561065446144
-111.16021348606454,24.431784461904293
-111.11115506433087,24.4178164657574
-111.0862649955374,24.410777884440698
-111.03572683087302,24.396589409993968
-110.98413117620353,24.382250145465935
-110.95791972088338,24.375023276330182
-110.90471062008191,24.360530201885577
-110.87790154000432,24.353448381307533
-110.82378104817482,24.339478683164593
-110.79651426565513,24.33259832023814
-110.74140238981944,24.3189450182495
-110.71365962823629,24.3122102268936
-110.6857799517324,24.30555937494331
-110.62972945037386,24.292613512832478
-110.62972945037386,24.292613512832478
-110.5734960299202,24.2802756174826
-110.51728789604671,24.268675702769226
-110.46128100071724,24.257907451539054
-110.43340160779637,24.25285831537428
-110.40562781086282,24.24804287722622
-110.35045646933644,24.23914032562284
-110.29587345031169,24.23124997685306
-110.26883136127384,24.227698669804155
-110.24192565019204,24.22441667149131
-110.18862069212787,24.21867477725751
-110.13612538900462,24.214062516878567
-110.11021601694169,24.212204938431633
-110.05881918579037,24.20930758794848
-110.00809569729569,24.207517645185977
-109.98294986924704,24.207008531717488
-109.9580092030904,24.206799890492462
-109.90837567428501,24.20704636100942
-109.85898466060824,24.208120508492865
-109.83437737731175,24.208966666202727
-109.78527910877459,24.211241808141068
-109.73618989410761,24.214193216840894
-109.71158571889559,24.21587722942631
-109.68691061543305,24.217675427572498
-109.63727466417822,24.22154140850095
-109.58712153665235,24.225654374597692
-109.56180120177001,24.227765468896525
-109.53629578871711,24.229893966733783
-109.48475570694954,24.234225882998427
-109.4326672703709,24.2387976928395
-109.40638026442126,24.24112378767891
-109.380083832729,24.24357934233378
-109.30060833517886,24.251292966776347
-109.27395082097719,24.253992833792104
-109.22042922994817,24.259634983384743
-109.1668118369674,24.265725195149624
-109.11334242971984,24.272442245385886
-109.08665561379024,24.27597442959833
-109.06004297428791,24.279661706172597
-109.00707633746276,24.287547682242387
-108.95448652303267,24.29612795271476
-108.92831374259698,24.30065889994299
-108.90226430790547,24.305375098070417
-108.82480724027548,24.320559253879967
-108.79933658636895,24.326033212860892
-108.77404909553191,24.3317117559029
-108.72396268587846,24.343640664045722
-108.67450747731722,24.356312134712923
-108.62569692260305,24.369760848849165
-108.60144855454226,24.376665086096153
-108.57734033507155,24.383715574338712
-108.52957361866325,24.398291772345903
-108.48240779010285,24.413501225256105
-108.4590227070059,24.421319593747032
-108.43580940983234,24.429303842533713
-108.38987543121405,24.44574027099824
-108.34451579629855,24.462727634806495
-108.32198046233374,24.47137261088167
-108.29956886079958,24.480133696277633
-108.25506629653815,24.497958068189735
-108.2108863880909,24.516100365564597
-108.18884741338087,24.525237654028388
-108.1668700852842,24.53443551244309
-108.12306944964739,24.552982299698233
-108.079495117774,24.57173304563659
-108.05791234696197,24.581260686065107
-108.03639149726138,24.59083800189351
-107.993762960681,24.6102895793836
-107.95145446112797,24.62999145803818
-107.93046270064073,24.639972970041956
-107.90947616768361,24.64994638003678
-107.86754756582448,24.6699180039663
-107.82642786742882,24.690433250338327
-107.80602819023154,24.70079766904146
-107.78564200249191,24.711169350921335
-107.70519395958225,24.7533557985941
-107.70519395958225,24.7533557985941
-107.68518254587607,24.763955947943437
-107.62580205345382,24.79614937071091
-107.60601448818751,24.806867065396606
-107.58627553975053,24.817607265337816
-107.56671865298732,24.828457565849614
-107.5277393027564,24.8502105429444
-107.48842719842058,24.871686983792117
-107.44906756558001,24.893066903020628
-107.42922069826898,24.90362127960251
-107.4093559183327,24.914145699543475
-107.36998533131202,24.935369653146104
-107.33037670371029,24.95635423029118
-107.29071343976042,24.97720864795454
-107.25125508265305,24.9980971800453
-107.23137005801199,25.008400917154642
-107.19164383962413,25.02895005051229
-107.17175084252604,25.03916072559931
-107.13179946355025,25.05938388857766
-107.09234578023066,25.079795485268022
-107.07262490699104,25.08995500412126
-107.05280558362347,25.100016924294305
-107.0133551750921,25.120151020890425
-106.97425679859491,25.1403605620517
-106.95459784758847,25.150338705316546
-106.93496017859992,25.16029050210386
-106.89621553892272,25.180406774019566
-106.8574911235985,25.200373309054115
-106.83814097787281,25.210301072600448
-106.8190126618846,25.22032447154369
-106.7810655652902,25.240436416926734
-106.74309000651162,25.260356330618688
-106.70542409600438,25.28028943121713
-106.68656117283392,25.29017064781941
-106.64885987034391,25.309814210256306
-106.6114670419552,25.32946564120063
-106.59269949690203,25.339179553994317
-106.5739683505554,25.34886954374386
-106.53697549427302,25.368395057345257
-106.49982166411547,25.38763623384048
-106.4626589331861,25.406679265997216
-106.42573742599087,25.42567519934259
-106.38850645458872,25.444292476124307
-106.35174464622132,25.462992459511526
-106.33337050061301,25.47227386396259
-106.31491235267555,25.481456857886755
-106.2782651683855,25.499834812013187
-106.2421006051948,25.518303286311106
-106.22395358233794,25.527426648020903
-106.18788372019837,25.54565924138743
-106.15187938105528,25.563737171571383
-106.13381776345715,25.572669482080915
-106.11583911752561,25.581602023987283
-106.08009338433853,25.599446431226504
-106.04460113414379,25.617268263388695
-106.02705426458961,25.626237986169688
-106.00955579551774,25.635195450722314
-105.95765243905744,25.66218287931602
-105.9405377294477,25.67121334043641
-105.92349699651146,25.68025149104737
-105.87249014332866,25.70722706159749
-105.85560701587728,25.716228068521385
-105.83882784928012,25.72526290780116
-105.82220490797013,25.734365041407017
-105.77284644223725,25.76182093649357
-105.75656464240373,25.771027323961597
-105.72433976790333,25.78957773149378
-105.70828861160395,25.79885838769824
-105.67653992995172,25.817575872608597
-105.64522840559727,25.836488552542757
-105.6295723957508,25.84591992767392
-105.61398037311595,25.8553744441814
-105.5826845150064,25.874170977862875
-105.55187555845247,25.893205878787537
-105.52147185272382,25.912433690037197
-105.49145860555053,25.931849106934465
-105.4619535462157,25.951528798053896
-105.44722423492645,25.961369245515442
-105.43256580769958,25.971243836767965
-105.40352900985701,25.991136636164438
-105.3748825999572,26.01123174139743
-105.3606737451751,26.021336502770474
-105.34658473984929,26.03150552002551
-105.31872406444127,26.05201284367176
-105.2913018280828,26.072755113662645
-105.27785447855206,26.083273851709286
-105.2644971739969,26.093839551337645
-105.23830289722653,26.115259266025216
-105.21253714839008,26.136905758510757
-105.19985517667492,26.147837803549034
-105.18725644697675,26.158812872552716
-105.16263127977362,26.18108826595225
-105.13866330889682,26.203730372416562
-105.12699300918996,26.21523481702901
-105.09269888583863,26.250115462579508
-105.07055879745478,26.273763886351006
-105.05990680878757,26.285824594154672
-105.04950149560518,26.298024582021526
-105.02938584631863,26.322813032602888
-105.01007775904702,26.34804814444167
-104.99085436977525,26.37330848414455
-104.98128981529409,26.385955575608467
-104.97178911279039,26.398628572372328
-104.95306954667973,26.42403888003226
-104.93464534060962,26.449436835014616
-104.92546813106846,26.462085869863206
-104.91627549031804,26.47467677637205
-104.89774884975935,26.499614964763822
-104.87890498541435,26.52413555588894
-104.85962219843019,26.548111086520958
-104.84978591910382,26.55985589139353
-104.8398059578281,26.571420503133062
-104.8193784562073,26.59396119124217
-104.79827188824018,26.61564618268198
-104.78744449342796,26.62614382978084
-104.76520480567874,26.646406205472385
-104.74213820654236,26.665640499477764
-104.7302773208476,26.67485755723293
-104.71818880795428,26.683800549869897
-104.69330168149105,26.700841617872353
-104.66742282322569,26.71672193581376
-104.65409476170728,26.72421542364696
-104.62662808002375,26.73828978062267
-104.58330194531914,26.757075246497685
-104.56826636004567,26.762707949156074
-104.55292295936538,26.76802346608105
-104.52128634570312,26.777698779809157
-104.4883394951057,26.786097207478115
-104.47135841930873,26.789817780317644
-104.45403030921412,26.793219806714447
-104.41830747809442,26.799071609718027
-104.36196261270737,26.805488572214788
-104.34242024199798,26.807004907032166
-104.30215846311079,26.809116558528153
-104.26028859639896,26.810017236305654
-104.23873647706375,26.810020577305366
-104.21676555952006,26.809730043402393
-104.17154596631227,26.808280581317618
-104.12458824359983,26.805696471293842
-104.0758526734208,26.8020073423183
-104.02530142962402,26.79724485079354
-103.97289864626909,26.791442378326547
-103.94599224631109,26.788162204758198
-103.9186104217113,26.784635298453203
-103.86240657611413,26.776858943576613
-103.80427784167551,26.768146712267786
-103.77449112819755,26.763450378501286
-103.74422147811948,26.758533742476494
-103.6822321700595,26.748058403082297
-103.61831548014766,26.73675673015144
-103.5856396357381,26.730806980743296
-103.55248978209003,26.72466390855997
-103.45024097296297,26.705119416304377
-103.37979869123788,26.691203305864423
-103.3439144559077,26.683992209047293
-103.27085750315483,26.669085891486088
-103.1961376879396,26.65356218799621
-103.11982576232866,26.637454042628594
-103.08109602404731,26.629190886819238
-103.04199658474066,26.62079364228404
-102.96272793048246,26.603612647314478
-102.88209959632948,26.58594178010869
-102.84130079988924,26.576932082142076
-102.71708752424612,26.549250985311602
-102.63286575499676,26.530289939216278
-102.59036112476014,26.520667915553858
-102.54760724746913,26.510956081757126
-102.46139101986162,26.491275993953398
-102.37429460882956,26.471274853655054
-102.28639363625996,26.450976924765154
-102.19776152184716,26.43040565751689
-102.10846931906698,26.409583469500284
-102.06359719302601,26.399085025806514
-102.01858553444497,26.388531775260226
-101.92817605083582,26.36727071665708
-101.83730397760328,26.345819341690653
-101.791713405365,26.33502796864899
-101.65441001629924,26.30241696551668
-101.56249969823642,26.280499196463154
-101.51645163755701,26.269492941252054
-101.424200351378,26.247394678937585
-101.33178081611051,26.225193397747848
-101.28552173259044,26.214058159845678
-101.23923674200752,26.202901896180048
-101.1466088198232,26.180532086881787
-101.05393473020379,26.15809506863045
-101.00759133282743,26.146854601431958
-100.96124918345977,26.135601095833074
-100.82226811998208,26.10177365127889
-100.72968661351887,26.079176862455892
-100.63719227051054,26.056552798457847
-100.5909847148215,26.045232697728487
-100.4986611925275,26.022580329198117
-100.40647430968362,25.999916553935684
-100.3144391902493,25.977246617134444
-100.26848256804847,25.96591079733303
-100.22256840411568,25.954575113914437
-100.13087204141658,25.931906007116865
-100.03935775893879,25.909242792577693
-99.99367065671962,25.89791431435968
-99.94803090084966,25.886588351120103
-99.85689456245913,25.863945083382816
-99.76594967354161,25.841314985687983
-99.72054875060067,25.830005379281985
-99.67519512850846,25.81869957582268
-99.5846279456386,25.79609980783445
-99.49424333912452,25.773516415631686
-99.40403488603427,25.750949796172677
-99.31399468835842,25.72839995470793
-99.22411352281021,25.70586656485036
-99.17922937862761,25.694605829474604
-99.13438101931797,25.683348943689477
-99.0447857890815,25.660846284785126
-98.9553156109772,25.638357637796044
-98.91062341710321,25.62711821973858
-98.77669851035671,25.59341755895009
-98.73210177988317,25.58218925524252
-98.64296537238342,25.55973933537929
-98.5984222447186,25.548517297741213
-98.5093775167978,25.526078077123827
-98.42037676039084,25.503644022906403
-98.37588865325982,25.492428449050728
-98.24245374883692,25.458784960303017
-98.15350578957212,25.436356731785338
-98.10902981920248,25.42514226462639
-98.02006663132548,25.402711693517197
-97.93107923104735,25.380277823539068
-97.88657316487684,25.36905924243407
-97.8420571946185,25.357839362116742
-97.7084382605062,25.324170567667444
-97.61928906756856,25.301715895445543
-97.57469056530239,25.290485574179908
-97.48544138909037,25.268018476658142
-97.39611745222358,25.245542285019877
-97.35142570399553,25.234300617640667
-97.30671327922417,25.22305650365825
-97.21722425596225,25.200560768229895
-97.12764659968748,25.178054932506047
-97.08282357857105,25.166798225497153
-97.03797736044153,25.155538981326732
-96.94821441869281,25.13301293080333
-96.8133915239463,25.099205551117972
-96.76840269926491,25.087931736320385
-96.67835340180513,25.065377391218075
-96.58820927399391,25.04281454556494
-96.54310204949496,25.03153015026906
-96.49797167020398,25.020243898838253
-96.40764250386476,24.997666231760757
-96.27198246301614,24.9637885588746
-96.22671956194006,24.95249348526128
-96.13613191059122,24.929900247270634
-96.04546481170672,24.90730371004496
-95.9547221104672,24.884704899057585
-95.90932366726503,24.873404970799918
-95.86390785360578,24.86210487214849
-95.77302623255471,24.83950469764003
-95.68208152153686,24.816905464861044
-95.63658685349009,24.80560653893719
-95.50002007473515,24.77171395564562
-95.40891186999401,24.74912366873758
-95.3633402196193,24.737830310582183
-95.27216433444192,24.71524771616472
-95.18094821713919,24.692671342626717
-95.13532622728356,24.68138575465422
-95.08969553868546,24.670102031856484
-94.998409744545,24.647540530961713
-94.90709400964339,24.624987579235455
-94.86142582957591,24.613714527547994
-94.72438402860365,24.57990984059713
-94.6786919963505,24.568646661881218
-94.5872923618207,24.546128221209617
-94.54158521852627,24.53487304537169
-94.45015726631496,24.51237101391197
-94.35871217308429,24.48988034337404
-94.31298353180202,24.478639340687586
-94.1757743575177,24.444933929568922
-94.08428275193275,24.42247850910586
-94.03853137722382,24.411255271167544
-93.99277628097325,24.400035011248526
-93.90125480483393,24.37760339036101
-93.76394348671656,24.343978184510483
-93.7181649482837,24.332775674264276
-93.62659506894269,24.310379350393678
-93.53500723274381,24.287994445083218
-93.48920620831205,24.27680620266548
-93.35177269567495,24.243257960535665
-93.26012314707134,24.220905927070817
-93.21428962419417,24.20973386824168
-93.16845000068277,24.198564392041074
-93.07675163908787,24.17623295400803
-92.98502637825614,24.153911301477198
-92.9391531239723,24.142754063785965
-92.89327250461344,24.131599154786592
-92.70967214339007,24.087002014580065
-92.6637515348715,24.07585819303061
-92.57188429184575,24.053576808332615
-92.52593727716113,24.04243914281294
-92.4340155352317,24.02016968187334
-92.34205567169461,23.997907837023725
-92.29606102879757,23.98677969832125
-92.15801645007646,23.953406015767747
-92.06593484257755,23.931165512408445
-92.01987811260629,23.920047748262114
-91.97381062476965,23.908931603131464
-91.88164300768014,23.886704055328398
-91.78943133017536,23.864482718278065
-91.74330880062574,23.853374340460995
-91.60487388818012,23.820058074504086
-91.55870636636007,23.80895556125162
-91.4201359394701,23.77565655102638
-91.32769914198816,23.753464224673316
-91.28146384530905,23.742370136688457
-91.23521732674885,23.731277420998328
-91.14269079963653,23.709096076431976
-91.05011997088248,23.686920194212657
-90.95750536360843,23.664749764896456
-90.91118183334515,23.653666596314494
-90.86484759790737,23.64258479521921
-90.77214737970411,23.620425312231323
-90.6794054870208,23.59827137706884
-90.58662276368806,23.576123063067698
-90.49380011388679,23.553980429116105
-90.40093849181035,23.53184351507723
-90.3544933711039,23.52077722927823
-90.30803887597192,23.509712407842983
-90.2151022648274,23.48758721075225
-90.07563017932301,23.454410794180124
-89.98260548525795,23.432300922924266
-89.93608052631453,23.421248333796918
-89.84300600247998,23.399147901716695
-89.7498994680354,23.377053900835097
-89.70333448745326,23.36600935371458
-89.56359405402286,23.332885607987038
-89.47039692203803,23.310811477149656
-89.42378760932235,23.299776945150942
-89.3771712609345,23.28874410963352
-89.23728090550826,23.25565583225352
-89.14398707057322,23.233605600187794
-89.05066707016017,23.21156228652022
-88.95732144617702,23.18952589437622
-88.9106391766852,23.178510295339827
-88.86395067489237,23.167496427626535
-88.77055516893071,23.145473882176407
-88.67713527550366,23.12345825782848
-88.58369128137281,23.10144954244274
-88.49022341764908,23.079447699721424
-88.3967318602687,23.057452679435414
-88.34997723857941,23.04645770158819
-88.30321673649708,23.035464402429177
-88.20967811691746,23.013482814177248
-88.06932616736053,22.980522875822913
-88.0225304338358,22.969539518060216
-87.92892130230449,22.947577658974012
-87.83528854594485,22.925622197219926
-87.7884632728578,22.91464684461118
-87.64795167624774,22.881730158585007
-87.55424727835596,22.859793380427046
-87.50738602004327,22.848827250591846
-87.41364527916683,22.82689943649471
-87.31988009123677,22.80497746801331
-87.2729882749617,22.794018639285245
-87.1322756769173,22.76115060232646
-87.03843610770949,22.739245492027294
-86.99150691344393,22.728294962985593
-86.89762961730197,22.706397870731596
-86.8037270006034,22.684505970477343
-86.75676615735998,22.67356194301572
-86.66282534124437,22.651677645766924
-86.56885894869258,22.62979827226092
-86.47486691215214,22.60792373749962
-86.38084919151362,22.586053946286274
-86.28680577305587,22.564188803443464
-86.2397744313696,22.553257940423418
-86.0986419271602,22.52047206877201
-86.00452159573571,22.49862035060118
-85.95745186338611,22.487696122143603
-85.91037577160115,22.476772967505237
-85.81620457483467,22.45492983910624
-85.722008143915,22.43309092034432
-85.67490051510947,22.422173028630578
-85.6277866419298,22.411256167949297
-85.43926921035464,22.367598913350054
-85.34497371036169,22.34577636315257
-85.2978168707158,22.334866583647333
-85.25065401486476,22.323957791642314
-85.15631038946326,22.302143148524195
-85.01475067787672,22.269428534215084
-84.96755244304312,22.25852561950988
-84.87313870162558,22.23672269962437
-84.77870218517339,22.214923639671987
-84.7314754812745,22.204025557056696
-84.58976205933081,22.17133704650833
-84.49525907385339,22.14954947970117
-84.44799948720252,22.13865712081331
-84.40073455667374,22.127765707363796
-84.2116221568314,22.08420949038028
-84.1643310725568,22.07332280078417
-84.11703486839556,22.062437053403215
-84.02242725002053,22.040668350631357
-83.92779958303417,22.018903367826272
-83.83315213492712,21.997142107413598
-83.73848516528444,21.975384556571
-83.64379892321702,21.95363069507241
-83.59644865059683,21.942755135993526
-83.54909364832194,21.931880487761042
-83.40700053230339,21.89926199035301
-83.31224861544297,21.87752085726357
-83.26486577883225,21.86665163532155
-83.17008646344858,21.84491585552893
-83.07528909747604,21.823183609702767
-82.9804738353806,21.801454878630214
-82.88564082248118,21.77972962526198
-82.7907901950181,21.75800779675588
-82.74335831425039,21.747148154334628
-82.60103657031783,21.714574259199544
-82.50613377964777,21.69286248740708
-82.45867592923555,21.682007840619203
-82.41121379005642,21.671154011080805
-82.31627668861601,21.649448766194
-82.22132255023143,21.627746709410754
-82.12635144049442,21.606047809531248
-82.03136342088347,21.584352028233845
-81.93635854851914,21.56265932579949
-81.88884980932865,21.551814116956724
-81.84133687744932,21.540969659785016
-81.65124334582546,21.49759925379068
-81.6037095398271,21.486758494140886
-81.50862946361465,21.465079143988472
-81.46108320709429,21.454240536350433
-81.36597828807977,21.43256543107838
-81.22328998710566,21.400057989376762
-81.17571900002001,21.389223549931863
-81.08056473996116,21.36755669315376
-80.98539415100336,21.345892487474718
-80.9378027527696,21.33506136617357
-80.79500424334485,21.30257186791036
-80.69978506230632,21.280915381217692
-80.65216944813295,21.27008807432784
-80.5092986341035,21.237609831872124
-80.41403155343639,21.2159606969256
-80.36639208560496,21.205137022390794
-80.27110135463587,21.183491433690268
-80.17579497713679,21.16184817004852
-80.12813595153878,21.151027405128488
-80.03280629357363,21.129387584337252
-79.93746125074316,21.107750016593815
-79.84210093258342,21.086114685090987
-79.79441508081064,21.075297851434332
-79.65133493073853,21.042850647229045
-79.5559294853063,21.021221900283948
-79.4605092409438,20.999595305279506
-79.3650743228366,20.977970843836918
-79.31735140054167,20.967159408458535
-79.22189470914333,20.94553811869958
-79.12642366152481,20.92391892779626
-79.03093838538345,20.902301826255044
-78.93543901020242,20.880686797680124
-78.83992566567144,20.859073824071498
-78.74439848220939,20.837462881562132
-78.64885758719723,20.815853955934752
-78.55330310643927,20.79424703425801
-78.50552081037192,20.783444320445973
-78.36215388372092,20.751039145114756
-78.2665593835995,20.729438153635577
-78.21875721368791,20.718638388204553
-78.0753311996134,20.68624198346583
-77.97969774303266,20.664646777072246
-77.93187622217502,20.653849886102286
-77.88405152439096,20.643053466557802
-77.69272122301658,20.599872474005817
-77.64488083208458,20.589078394851022
-77.5970373395415,20.57828477983322
-77.50134109913827,20.55669892666324
-77.35777377188047,20.5243235712155
-77.26204703797475,20.502742270944587
-77.16630825925665,20.481162766578723
-77.07055751733903,20.45958504896241
-77.02267768548285,20.448796854747364
-76.97479489288537,20.438009100558933
-76.78323430318034,20.39486245458867
-76.73533684590763,20.384076881909113
-76.68743648273973,20.373291740765033
-76.49580615016839,20.33015542956298
-76.44789138908098,20.319372407738076
-76.39997377387083,20.308589802640824
-76.30413001399475,20.28702583357355
-76.20827493458158,20.26546350899665
-76.11240859818959,20.24390281750207
-76.01653106780641,20.222343741771308
-75.87269392001261,20.19000811835981
-75.82474267440463,20.179230365861855
-75.72883193541831,20.157676027997503
-75.63291025060194,20.13612323163359
-75.48900733198226,20.103796900037782
-75.39305854836893,20.082247896123185
-75.34508012880822,20.07147395097585
-75.24911527347007,20.049927161769904
-75.10514806587956,20.017609706083125
-75.05715371463556,20.006837941741647
-74.96115713759052,19.985295478506803
-74.81714270668789,19.952984414883765
-74.72112013645005,19.931445440362076
-74.67310499103257,19.920676467583153
-74.52904421427763,19.888371578234224
-74.43299099584365,19.86683665930289
-74.3369276958781,19.84530306106567
-74.2408543824062,19.82377076909286
-74.14477112260377,19.802239775305257
-74.04867798508548,19.780710067186472
-73.95257503891968,19.759181631986046
-73.80840237968862,19.726891340964702
-73.76033999718085,19.71612853529318
-73.61613848342199,19.683841970670642
-73.51999225509412,19.662319128065796
-73.47191560116738,19.65155816311341
-73.27958558796969,19.60851731933602
-73.2314972773175,19.59775786087726
-73.18340666076413,19.586998701436322
-72.99102130782666,19.543965019800634
-72.89481501504333,19.522449947358425
-72.84670849392835,19.511692848851446
-72.7023755311053,19.47942328948202
-72.60614246983602,19.457911692725506
-72.55802263754428,19.44715632440488
-72.41365002968304,19.414891926998784
-72.31739077624732,19.393383745906995
-72.26925791842041,19.38263007720551
-72.1248465125763,19.35037074448227
-72.02856162285816,19.32886591061918
-71.98041601460238,19.318113906709915
-71.88411850808457,19.296610718816524
-71.78781266248761,19.27510861959612
-71.64333838086532,19.24285750188103
-71.54701193198532,19.22135810038111
-71.49884564991498,19.210608799091972
-71.35433465378615,19.178362482155126
-71.25798392984011,19.156866255778276
-71.20980556946077,19.14611853546585
-71.06525857179227,19.113876934849834
-70.96888403864844,19.092383829687645
-70.92069383043857,19.081637662924535
-70.82430756173686,19.06014609592857
-70.72791353021817,19.038655547200715
-70.58330803173035,19.006421624831226
-70.53510236899798,18.995677487918854
-70.43868533426877,18.9741899639765
-70.34226072599283,18.95270343502073
-70.24582858972013,18.931217898325063
-70.14938897105948,18.909733349264464
-70.00471561268634,18.877508366937114
-69.95648746762053,18.866767194838264
-69.86002567258208,18.84528558041386
-69.71531930108573,18.8130649750911
-69.66708021834665,18.802325255497585
-69.57059664791878,18.780846534890035
-69.42585786248506,18.748630241758278
-69.37760804121655,18.737891952509887
-69.1845911041545,18.694941159351032
-69.08807212123105,18.673467171652277
-68.99154618777997,18.651994112979526
-68.94328062838994,18.64125792979754
-68.84674435152846,18.619786252582163
-68.65365131703388,18.576845640571463
-68.60537382314816,18.566111055750763
-68.5570946460754,18.555376696592567
-68.3639612171757,18.51244148962769
-68.31567370658482,18.501708243040163
-68.12250721338441,18.458777452475683
-68.07421150423255,18.448045300308735
-67.92931465666378,18.415850140338527
-67.83270871167983,18.394387772711195
-67.73609637910988,18.372926255447798
-67.63947770129356,18.351465582236454
-67.542852720218,18.3300057473658
-67.44622147767296,18.308546744937686
-67.34958401523713,18.28708856885779
-67.25294037413049,18.265631213443516
-67.15677370004148,18.243981447233182
-67.06118593825676,18.222103628429984
-66.91841159984337,18.188908082563895
-66.871071633456,18.177735557211857
-66.77687639714242,18.155109262245638
-66.63713079648755,18.120328028375866
-66.59104098875385,18.10844634990364
-66.4996856423718,18.084232098738383
-66.40951561190037,18.059366800435942
-66.27664363249666,18.020628168986605
-66.18974494391037,17.99370845648468
-66.14682426453696,17.979953641104412
-66.02024671490975,17.93724425580926
-65.9377433961813,17.90762154723525
-65.85679204111598,17.876864589968065
-65.77743032518198,17.84497918894641
-65.69969740861598,17.811928099056658
-65.6236585322772,17.777870801890426
-65.54932772213273,17.742524348266958
-65.44109824286718,17.687204190539994
-65.40592161822038,17.668137219205743
-65.26940978534789,17.58893037296805
-65.20383361939882,17.54748664921659
-65.17163822787182,17.526347928349807
-65.07694552119125,17.461552510678022
-65.01538016965975,17.417277204552764
-64.98504350548995,17.39484235316633
-64.89555761362719,17.32652155568806
-64.83690134978448,17.280294457017323
-64.77879466042059,17.23367628376176
-64.72106346337539,17.18678718774909
-64.63481702193441,17.11618266598805
-64.57733167266339,17.069070407298174
-64.51971254295479,17.022022833630892
-64.49082101782052,16.998546847517115
-64.40368765939104,16.92841148265811
-64.345119634085,16.881974639307614
-64.28608588998925,16.835861290472728
-64.22652111716741,16.790122239302683
-64.1663631962445,16.74480504433811
-64.10555237387277,16.699953829380878
-64.04403052235675,16.655605646111688
-63.95029044706032,16.590100766884717
-63.886745104126206,16.547152768350898
-63.85463901397218,16.52590530434759
-63.72386894561774,16.44249422008752
-63.69056218650709,16.422048335232265
-63.58908737396254,16.361721833845248
-63.52010070937538,16.32236206156943
-63.450012162020954,16.28370175471127
-63.37879982787426,16.245749570345087
-63.26983883057365,16.19016077747402
-63.23294146634454,16.171990166556863
-63.12050759430068,16.118557416202666
-63.044099140746184,16.083832688154036
-62.92731818388461,16.03308088039242
-62.84803263792121,16.000126647950083
-62.767618322677144,15.967866116400106
-62.68609372350232,15.936288147086419
-62.60348093588955,15.905379887248975
-62.51980536220952,15.875127063855032
-62.34938227857042,15.81652290278122
-62.30615983627401,15.802255255393838
-62.1750818836148,15.760334314405576
-62.08656708255907,15.733097008170736
-61.997193183265274,15.706403456474236
-61.906999440301085,15.680232280983276
-61.770258950659944,15.64190783868827
-61.72431228022923,15.629370828227165
-61.58544353805574,15.592433863631701
-61.49205733812957,15.568343293189312
-61.35086681750555,15.532953404539846
-61.256055765554855,15.509826030300756
-61.16074196688502,15.487046004922357
-61.06496243527692,15.464592309958327
-60.9204980493461,15.43147971637511
-60.8237086585114,15.409754368752473
-60.62912550886772,15.367057354213623
-60.580293093809836,15.356526755994752
-60.433406463270124,15.325244591783509
-60.33519183155637,15.304627028820047
-60.23677528739478,15.284180654449859
-60.03943180176969,15.243742461697124
-59.99000575721652,15.233717374861298
-59.79201645432582,15.193904993598707
-59.742459242550076,15.184016330908028
-59.59367710481522,15.154482229245337
-59.444767589631034,15.125119006190838
-59.39511047490075,15.115363765196614
-59.196417012915916,15.076475972779196
-59.14673354907738,15.066782623615524
-58.99767588103735,15.037757340239041
-58.89830677823999,15.018445106574902
-58.798946636272916,14.99915689614179
-58.60027058965031,14.960635041977604
-58.55061314549065,14.951013227428241
-58.4016727845395,14.922162213674476
-58.30240715101236,14.902937200220583
-58.15355104370325,14.874108741704193
-58.05434085607907,14.854894231298472
-57.9551509061208,14.835682362974179
-57.85597925971261,14.81647299040887
-57.707250878140776,14.787663944553007
-57.55854899058909,14.758862371427016
-57.45942392170518,14.739666796937758
-57.36030258458781,14.720476830638553
-57.21162003745094,14.691705195213213
-57.1124929139047,14.67253510225837
-56.96378564032312,14.643799960626534
-56.81504875453288,14.615093316171285
-56.715869360716106,14.59597376880534
-56.567061277762576,14.567325218533918
-56.51744696720671,14.557784572402513
-56.32024958017079,14.518777025044292
-56.27125723805156,14.508911814689199
-56.12473739156777,14.479220922611919
-56.027721983844444,14.459255254964528
-55.93148096377818,14.439066581844
-55.74189670561104,14.397085194790513
-55.69518583753391,14.38633970847175
-55.55689358533217,14.353733845626675
-55.46629016531351,14.331636460154797
-55.33233012658665,14.297919608951418
-55.24423243333969,14.27510178246669
-55.11392069399939,14.240492167014787
-54.985501658556984,14.205615960173683
-54.90067366409717,14.182312163274153
-54.81627700548608,14.159019115610912
-54.73215541163721,14.135774328308313
-54.6061863500033,14.101060635213827
-54.56419255986039,14.089541513849873
-54.39585248322787,14.043779741930612
-54.31131168507687,14.0211070615497
-54.18383277467423,13.987380424439074
-54.09831573670345,13.965090733492904
-53.96912280165068,13.931953858713225
-53.882325968941835,13.910061774656134
-53.79495820004315,13.888328254659868
-53.61841957300276,13.845327245601572
-53.57389751622677,13.834671630765614
-53.439382710958746,13.80292337907016
-53.303438245927744,13.771489341335796
-53.25780696452762,13.76107775530633
-53.07372624615933,13.719742144590718
-52.98077500219531,13.699248820384438
-52.93407883594412,13.689042609237406
-52.745884295066524,13.648465615092583
-52.69849779909863,13.638378717287893
-52.55557934640709,13.608240544424723
-52.41159695033524,13.578266762471964
-52.3150672827177,13.55836360356428
-52.16953811237881,13.528610251158007
-52.0232216049704,13.49895901996094
-51.92529218023815,13.479237847107722
-51.777897582843195,13.449711072954821
-51.62999215881381,13.420234405357254
-51.53115268769895,13.400602854291133
-51.38260772451273,13.371173619466362
-51.28342454819158,13.351560396774452
-51.18414682190147,13.33194795318333
-50.985395462078884,13.292713038807541
-50.93568152565972,13.282900229614784
-50.786513490653185,13.253447175591488
-50.63734798415288,13.223967247977757
-50.48823196586578,13.194455453925913
-50.388868313221714,13.17476125024155
-50.28955364136116,13.15505036205418
-50.140690578678054,13.125451634145795
-50.04153012022968,13.105697278570862
-49.94244023686867,13.085925409430182
-49.7444829460816,13.046330315027525
-49.64561776776775,13.02650809869372
-49.49746052263953,12.996745786853637
-49.398779910024665,12.976886257320984
-49.25088767809597,12.947072503955374
-49.103137392902596,12.917232973165216
-49.00470776973224,12.897327656287485
-48.8571549669173,12.867454239830044
-48.70969343340484,12.837566172840988
-48.66055606884786,12.827600958470024
-48.46538395243422,12.786949208984835
-48.36817722494587,12.766416764289716
-48.223595875649984,12.734861387605884
-48.12779425648725,12.713490827589888
-47.939133825695876,12.668678995682269
-47.846224911010886,12.64543562252284
-47.754550929559386,12.621287362989014
-47.61920561197562,12.583689685486124
-47.57478563683328,12.570681805192136
-47.40037137046758,12.5164426195738
-47.31535643342995,12.487812663078191
-47.14988524131586,12.428033784238439
-47.06952879186245,12.397815661455118
-46.99062622533288,12.366842454641809
-46.83772685651908,12.303949847217684
-46.76376887952949,12.272395856139726
-46.65613046320318,12.224396455348186
-46.586415955009016,12.1924676924601
-46.48524976777146,12.146113758618597
-46.387852697389654,12.10063744061728
-46.294462962192235,12.056055439292665
-46.23396360501799,12.027078419079121
-46.17533370836913,11.998816167910563
-46.06340525004167,11.944886299360029
-46.00931853491649,11.919400640110029
-45.93113247880966,11.883202346439004
-45.88041226660932,11.8603760804021
-45.831216490967144,11.838074732449492
-45.73572824291666,11.795912974201459
-45.689850855271544,11.775538796359053
-45.62244059448271,11.74578426870333
-45.557355025371194,11.716008072162584
-45.53589298620494,11.706074654273218
-45.452573787674844,11.665172467872505
-45.41206109934699,11.6438926905815
-45.33316100335992,11.599214935070302
-45.275359532428254,11.563737217576849
-45.237955559635296,11.53877952763124
-45.200747093615924,11.513002701807116
-45.12738140031181,11.45859378037774
-45.07281200662255,11.415367617400113
-45.054945474891284,11.400348985893418
-44.98387627464903,11.337754961098955
-44.94895964764325,11.304733666165852
-44.879024213652706,11.235790094239782
-44.84478871760673,11.199469194597127
-44.776430771188046,11.123795412459073
-44.74299570703708,11.084113364235995
-44.70951700725166,11.043478496229387
-44.64335435795269,10.958940087658085
-44.61047582112038,10.915168325059904
-44.54498393597958,10.824781162067866
-44.51205148788202,10.778377932184721
-44.44702801586327,10.682640246625834
-44.3976872313041,10.609059141295111
-44.36513877513651,10.558888191437898
-44.3323261140467,10.508141128420371
-44.26724164298996,10.404336499209485
-44.23434277824629,10.351653159984322
-44.169518125280746,10.244014286149707
-44.13690813618524,10.189474927942268
-44.08840782812566,10.106506740276158
-44.05577413891062,10.050768951065846
-44.007447613958355,9.966021560419353
-43.958618569699816,9.880664487258807
-43.909990885830865,9.79440195303707
-43.860759839298595,9.707753373890549
-43.811723562740134,9.620367561037378
-43.762026531949196,9.532785092163268
-43.711171591664815,9.445340256472461
-43.6602688655313,9.357491833982808
-43.60783322084072,9.270135195416366
-43.57201481570938,9.212244344920354
-43.53598164462583,9.154295279635376
-43.44270776993507,9.010713620011042
-43.383940360923326,8.925877606715826
-43.324412147361514,8.841273250743967
-43.28355858034252,8.785450047917227
-43.22174736119569,8.70190410359718
-43.13720983278088,8.591550813829665
-43.094824138811454,8.536388869420195
-43.030645727555516,8.453939260136098
-42.98812246146927,8.398804826009695
-42.902411885287954,8.288874971230468
-42.8601193576173,8.233587863222635
-42.775412381143504,8.12308715625883
-42.733736559414346,8.067463823385811
-42.650326629853204,7.956280962385049
-42.60928745583304,7.900330354722865
-42.52708463060114,7.788545839810415
-42.48660563165917,7.732321303003631
-42.425985546478614,7.6479596746355
-42.36626495941854,7.563117634514142
-42.30644875231333,7.478361675894749
-42.26728663416352,7.4214606499230005
-42.2280847670687,7.364596129363526
-42.15050970769946,7.250423682972554
-42.11194450231147,7.193226538033207
-42.03545056004182,7.0784891947566955
-41.997328035770686,7.021061525824356
-41.921202704021084,6.906159395599454
-41.8828980838406,6.848865801471247
-41.80698648525609,6.733876697464536
-41.768581229193025,6.676659528329712
-41.69215566770295,6.561997580935372
-41.65344646932503,6.504969132010103
-41.61492296213948,6.447829333996672
-41.53781787848398,6.333589040507153
-41.49952451812063,6.276313878457443
-41.441867317253276,6.190533418943833
-41.38489977192626,6.104340383131694
-41.32774378611612,6.018262114672272
-41.29030847404326,5.9604783885039545
-41.25280631927684,5.902739967712781
-41.178529066677854,5.786847319943987
-41.12331869916547,5.699655286290846
-41.0694218384198,5.611912690949519
-41.03421526416684,5.553380739397743
-40.999234274722205,5.494947080937365
-40.94806960478011,5.406734209859719
-40.89898968757396,5.3181974313284615
-40.8516314701088,5.22994908388225
-40.80658860665457,5.141271349850031
-40.76459016008995,5.052464497082591
-40.72485307373349,4.964036970133218
-40.68799198276149,4.875162689533162
-40.654123480498484,4.7864049345501565
-40.63257453370738,4.727565329035194
-40.612291913926846,4.668528244083374
-40.574703733165,4.55037567532266
-40.557475474285695,4.491138015542424
-40.524258555725616,4.373135657799119
-40.50097494565838,4.28436561183405
-40.48535677975571,4.2254296936545055
-40.4700679655771,4.1663755305493675
-40.43879797848948,4.048701123352767
-40.423247688769905,3.9897122980889668
-40.39906110766613,3.9015163061191744
-40.38283369238961,3.8425917176530864
-40.35717252042773,3.7546568004507166
-40.331001608969125,3.666550539565904
-40.3035522714166,3.578687302320477
-40.27567427585911,3.490575519783231
-40.23925569315343,3.372923081927434
-40.22090353006735,3.3138587438873337
-40.19262373538737,3.225534018101739
-40.1740572703309,3.1664942840435897
-40.15643989248551,3.1073719738174335
-40.12194554418253,2.9894273519685743
-40.105227969757934,2.9302630568036854
-40.08847560641366,2.8712862058219257
-40.0720842912453,2.8123099648686534
-40.03908107275383,2.695100375196
-40.022968908753725,2.6364621608811
-39.99815516790584,2.5489245819538766
-39.97309404326946,2.461408883235462
-39.94661470521692,2.3745531401041684
-39.929054401545386,2.3166716243790795
-39.910872448319694,2.259043001169186
-39.89252910716525,2.2015141085891705
-39.864116019396704,2.1157148532420575
-39.84531963773516,2.0586337979365963
-39.82592757523485,2.001973455933064
-39.7957004324457,1.917507111257841
-39.764326737189805,1.8338874607176576
-39.73181654718423,1.7509219688781124
-39.709263247464904,1.6962777540569802
-39.68625704675886,1.6418956616513862
-39.625106108348916,1.5078569316765804
-39.61244372888177,1.4813019246998855
-39.57326963307912,1.402302323694838
-39.532934166259274,1.3241447733161626
-39.519065028338815,1.2983697392371598
-39.47702059760407,1.2214427198542697
-39.43377820348855,1.1454764746414716
-39.41896197503328,1.1204541449312055
-39.37424750821089,1.045739071448465
-39.343795840721995,0.9964042896069881
-39.31309605277946,0.9472720004318496
-39.26601600179735,0.8742317085277078
-39.23406057757643,0.8258649000474422
-39.184730631224795,0.75404662671747
-39.151500830063746,0.7062978424415013
-39.10042931415268,0.635225738457471
-39.06544079784713,0.5882701671569383
-39.01292924500666,0.5176730378117748
-38.977185655638486,0.4708874014361886
-38.940391690294284,0.42457730719381287
-38.86413750213263,0.33320070886032294
-38.844570832346456,0.31061844242145203
-38.784416316947265,0.24364721829131022
-38.721725766043356,0.17807697603155678
-38.65615510206418,0.11420078836580665
-38.61071525631252,0.07268560185114582
-38.563822722915816,0.03210075946815509
-38.46546689303261,-0.04607602691049919
-38.41390593224509,-0.08359176085862395
-38.305790799577316,-0.15534589502104107
-38.249150111228374,-0.18955808393292464
-38.130496654391685,-0.2546366981855219
-38.06840563478396,-0.285517435061999
-38.004428073541696,-0.3153094767225176
-37.904904025174346,-0.3579944944405
-37.801079310727005,-0.3983478038888927
-37.69295868671374,-0.4364620023172381
-37.58061115152727,-0.47243865686340714
-37.50342552190525,-0.4952896111195384
-37.384341867245155,-0.5279493997328917
-37.26147549052235,-0.5587697732182721
-37.1350605799889,-0.5878676421694728
-37.00535251562492,-0.6153614721390687
-36.87261957149914,-0.6413688781413835
-36.737136174421025,-0.6660073532681046
-36.599177390131935,-0.6893934511920929
-36.55268811598269,-0.6969301588997115
-36.36447917775412,-0.7258943412268328
-36.269260915442736,-0.7397666193143935
-36.12637710395297,-0.7604643820946078
-35.9826254775209,-0.7805310886698575
-35.83819221865102,-0.8000840520550938
-35.741803691370215,-0.8129752015660026
-35.645429213170324,-0.8257849322599404
-35.452698835206476,-0.8511316721009095
-35.356222228316746,-0.863613445877602
-35.21114474546517,-0.8820029881587145
-35.11407607111598,-0.8939972134313864
-34.91882988750205,-0.9172468566755352
-34.82056675711691,-0.928472859377434
-34.62263492971038,-0.9500925621838352
-34.522949206542016,-0.9604874682933224
-34.422788674407975,-0.9706133334026376
-34.221107534283696,-0.9901010141726153
-34.1196369675037,-0.9994918287282095
-33.91560596648005,-1.0176585450643711
-33.81312740125688,-1.026476043412624
-33.6074711233667,-1.043692190823863
-33.5043890608013,-1.0521376828811797
-33.297958582431434,-1.0688214181138922
-33.194704889574666,-1.077105538969357
-33.03990424041654,-1.0895223398352811
-32.88532736176031,-1.101991185131368
-32.83387484704192,-1.1061707756030479
-32.628552365867364,-1.1230679446909888
-32.526241772733194,-1.1316538306254957
-32.32246847869674,-1.1491784578049686
-32.22105572054305,-1.1581449657744023
-32.01978660137722,-1.176703098825355
-31.920568493495306,-1.1866363481487758
-31.72408474253205,-1.207930285260015
-31.627200698588773,-1.2194398494211023
-31.53146889963467,-1.2316629356754016
-31.39029806066925,-1.2516168204776694
-31.207051720051524,-1.2816169603404433
-31.117730846625737,-1.297957756778267
-30.9437835298051,-1.3332995349348737
-30.858837418070582,-1.3522293816504491
-30.69280033140058,-1.392088625410125
-30.61162019059749,-1.4127754811123336
-30.452219530184344,-1.4551407903270217
-30.37365054143115,-1.4766479605799931
-30.25675009170434,-1.5091257831971467
-30.179241563665972,-1.5308467572589382
-29.986071718207064,-1.58510307947923
-29.908778487182673,-1.606707925004582
-29.792548447509372,-1.6389343828512437
-29.714766743889168,-1.6602694596824286
-29.597503062422188,-1.6920070959428823
-29.479380880319702,-1.7233856874160838
-29.360260858658073,-1.754364983672185
-29.240031327056638,-1.7849109995747285
-29.118605502309293,-1.8149966004445646
-28.995919132491224,-1.8446001220730424
-28.913405633561403,-1.864059664571475
-28.746610133845564,-1.9023004194253388
-28.662322814151306,-1.9210777784431543
-28.492289279528862,-1.9582206350985742
-28.407164336178305,-1.9771199111191027
-28.27855626289467,-2.0051435877707995
-28.192308036135334,-2.0237019819034763
-28.105818751095878,-2.0422934912038175
-27.932337762101003,-2.0797214605980505
-27.845341692274733,-2.0985334007011636
-27.71440089589974,-2.126737791798864
-27.626721279987684,-2.145441206077148
-27.538665300257637,-2.163994985827556
-27.361229510200868,-2.200447191498145
-27.271773140705815,-2.2182612047657657
-27.091254066655434,-2.2529074970910106
-27.04577865795944,-2.2613487245673385
-26.908510719536924,-2.2861145083231755
-26.76998815353756,-2.310025867457687
-26.630245301952353,-2.333081095170507
-26.489341635258707,-2.3552986268015346
-26.347358178975348,-2.3767152469646344
-26.20439309127147,-2.397382989495412
-26.060556860605896,-2.417365868841733
-25.964240234442926,-2.430343061867018
-25.867624878398697,-2.443071244898978
-25.673642436101144,-2.4678762034363775
-25.576423076783804,-2.4799902420288404
-25.383343871866742,-2.5037748156733386
-25.287176627627918,-2.5161159848471017
-25.096150509404765,-2.541240357423678
-25.001765967725127,-2.553911134931875
-24.86203337774418,-2.573138836960018
-24.724718177239364,-2.592298637064246
-24.589945432796796,-2.612064547389237
-24.50133841758506,-2.625321497108983
-24.371162060147693,-2.6448014969856173
-24.24349961339014,-2.663688461562875
-24.11777955367636,-2.681908377104448
-23.9951959106564,-2.699253132306956
-23.874794881994188,-2.715825560443003
-23.757090128688567,-2.7315736964141246
-23.64143495767668,-2.7466128346969536
-23.527414604138414,-2.761043231969464
-23.416411446204616,-2.7746790046208765
-23.308302517145023,-2.7868979543349983
-23.202158297568623,-2.7984779272295195
-23.098993539429607,-2.8091601523646603
-22.998176131878367,-2.818874652191497
-22.90068747545087,-2.8275318627015036
-22.805617224182626,-2.8353703399113943
-22.713829784674793,-2.8424668565695934
-22.624059152504042,-2.849174235967934
-22.53699419401391,-2.855553590898269
-22.451606168371654,-2.8618998940769202
-22.36869626191256,-2.868199162714205
-22.287230763575078,-2.874700407954633
-22.207718653135576,-2.881381515042965
-22.155435655395976,-2.8860109003252967
-22.053127876155582,-2.8956549462763483
-22.002994096726955,-2.9006964763133314
-21.9054918126628,-2.911812430795783
-21.85771108400992,-2.9177882113598175
-21.765150418275077,-2.930366857933678
-21.719797541505347,-2.9371789238608437
-21.631631581821207,-2.9517862810829842
-21.609844294678034,-2.9556785624443673
-21.52349322007735,-2.9721537872494137
-21.48074438269552,-2.9808952879936936
-21.395277827722058,-2.9993585954522066
-21.352182525928942,-3.009081735893247
-21.264582698787947,-3.029513989559962
-21.219874490772686,-3.0402214166609225
-21.151442243245633,-3.0568876484671983
-21.081153351644666,-3.074264977556978
-21.008793078014115,-3.092327444463523
-20.959304864970377,-3.1047321017410088
-20.857089922265864,-3.13035759880549
-20.80426147055196,-3.1435517844498775
-20.694923022099918,-3.1706271343500436
-20.60952056449427,-3.1914731669706633
-20.550887034851794,-3.205596525555082
-20.49084734694401,-3.21988133654458
-20.366396387713195,-3.2488710993585803
-20.301925887893002,-3.2635443385745817
-20.2359381143144,-3.2783150555199816
-20.099346695581527,-3.308088908271158
-20.02873168658037,-3.3230639514109326
-19.919932154471777,-3.345597020177074
-19.8077445992777,-3.3681788136482407
-19.69227764896937,-3.3907715341576194
-19.57367340224848,-3.413339524915559
-19.452100698136277,-3.4358510314113806
-19.32774835657769,-3.4582797009332364
-19.200818542576496,-3.4806026611465586
-19.114870233563092,-3.4954163169799592
-19.027932788299744,-3.5101700931859896
-18.85185938915587,-3.5395764996146823
-18.763564907956965,-3.554399133768974
-18.585649937786542,-3.5839957567254137
-18.496665472765123,-3.5990607081972463
-18.319704212835315,-3.629564382447154
-18.232052386473534,-3.6453361578377907
-18.05902701474031,-3.6777207744189497
-17.97384461284172,-3.6946827451469537
-17.80654920643909,-3.729879182349723
-17.76541477104301,-3.739092790621124
-17.64379224999752,-3.7676207965170474
-17.524992255470696,-3.7978297165457535
-17.371331658975247,-3.840532045827293
-17.296634594252176,-3.863331943020431
-17.18733597202379,-3.8996954180125636
-17.081480180206533,-3.9385288427999106
-16.979208756988868,-3.9801844679500453
-16.88062870399107,-4.025062068254736
-16.817010399568826,-4.056926855170188
-16.694966043124857,-4.125660894185147
-16.60811678677183,-4.181832760023108
-16.525398205893115,-4.242164642845523
-16.44661999942156,-4.306777030418327
-16.372390585387627,-4.375779396207474
-16.302422219511755,-4.4491858858942095
-16.236930408448714,-4.527059066428316
-16.175372648834138,-4.60931973367638
-16.1183512076873,-4.695884332558391
-16.0648981492866,-4.786555144205508
-16.015502892525355,-4.881213765647994
-15.969047969359808,-4.979546635785963
-15.940053917459183,-5.047112105358624
-15.898405784967956,-5.151134387065813
-15.859437612614931,-5.2583107916967
-15.82224056271593,-5.368243338715834
-15.787084778409255,-5.480848581289478
-15.753116565542813,-5.595703144139901
-15.72039129069209,-5.712678015172449
-15.687924252963148,-5.8311445088923906
-15.65570240256791,-5.950572518972519
-15.623867942238952,-6.07121022842569
-15.613051889236107,-6.111399844396228
-15.56958232697331,-6.272609102869617
-15.525861053371983,-6.432943770011584
-15.491821489986155,-6.552119950288361
-15.457674903028384,-6.670661109046278
-15.4225562154166,-6.787534247808565
-15.387091018537234,-6.903320441536447
-15.350365220546452,-7.017191545544607
-15.312889358114806,-7.129894781955694
-15.273777158478998,-7.240695165858167
-15.23349814290696,-7.350377368959445
-15.205505778155173,-7.422397453525343
-15.132390378426713,-7.600133922700347
-15.101496314571616,-7.66995678283887
-15.03750966441772,-7.808490457058877
-15.003844899950618,-7.876586381383347
-14.951779496732406,-7.9780158345425916
-14.89742642996624,-8.078180480260777
-14.841045746501822,-8.17750479758634
-14.782054056559305,-8.275316042521647
-14.700021036554444,-8.404388978251282
-14.657134720643034,-8.467787785973751
-14.56835984566491,-8.593470986826077
-14.522078480365042,-8.655191196204282
-14.425919265757518,-8.776732947051231
-14.375767834907327,-8.83612094220463
-14.271880838645101,-8.953114442807603
-14.217844788661866,-9.010195311979277
-14.105995250443534,-9.122263589334542
-14.04799249218992,-9.17686054654291
-13.928329165184152,-9.284069601558624
-13.86649592049037,-9.336274489484962
-13.771220011439745,-9.41269328359022
-13.673368961685412,-9.487540566593337
-13.606505743193896,-9.53613465181867
-13.50369846089677,-9.606856812519727
-13.398058382492325,-9.675446040478525
-13.289484624099911,-9.741393695198314
-13.177890531153476,-9.804326932977775
-13.063276096018326,-9.864228272511614
-12.985176921217588,-9.902412911815466
-12.824893897289506,-9.974302906521492
-12.742711209805085,-10.00788751820983
-12.65918044847764,-10.039830594187285
-12.48815607162346,-10.098661927967616
-12.40072007210506,-10.125515837295607
-12.267266057281176,-10.16258967716544
-12.131187670461108,-10.19585769381888
-11.992656766402593,-10.225414552604978
-11.851860160003698,-10.251397680958053
-11.708993190646682,-10.273979491044487
-11.612696340460651,-10.287241907554169
-11.51562618114543,-10.299144947753355
-11.319396682964513,-10.319143345424623
-11.220349848469157,-10.327378566364708
-11.02066223018289,-10.340677557733454
-10.92012442063887,-10.345884310691446
-10.7179041553204,-10.353765087445684
-10.616313108416968,-10.356576646139713
-10.412382373739625,-10.360274989436636
-10.310121710091396,-10.361289073707079
-10.105191672613799,-10.361950617989265
-10.002588755706565,-10.361712360916178
-9.797257756890987,-10.360366902200896
-9.694583746064872,-10.359359395202924
-9.489338897358016,-10.356907052086381
-9.386810220275835,-10.35554757769811
-9.182031437555898,-10.352756874001471
-9.079812195599958,-10.351396391994243
-8.875777830378482,-10.348905243528298
-8.773983001699506,-10.347830649798661
-8.621590948053871,-10.346503651702204
-8.469575705172009,-10.34558361317446
-8.317949021906964,-10.34513377252129
-8.166715471269157,-10.345205845561681
-8.015872949587884,-10.345840541783204
-7.865413183187208,-10.347067749103456
-7.765312666011005,-10.348224997902333
-7.615457459386485,-10.350477496981755
-7.515741549999759,-10.352324176260003
-7.316726145064542,-10.35683845490286
-7.167795706376152,-10.360924972174844
-7.019114888725635,-10.365587831277367
-6.870651235029636,-10.37079771340211
-6.771779744718814,-10.37455790094809
-6.672980186645479,-10.378534431389733
-6.475558067939702,-10.38708798683615
-6.376916624980701,-10.391639671399867
-6.2290160537808825,-10.398774047495756
-6.081163925796485,-10.406236738261201
-5.982691029747876,-10.411333758948603
-5.78752030423629,-10.421047757715973
-5.690147731587568,-10.425962673220061
-5.496481652690995,-10.435524483169939
-5.401140134463245,-10.439665482348316
-5.259673225957278,-10.445048941828386
-5.120285436172532,-10.449219093992735
-5.0287584224625075,-10.451109742074653
-4.8495550208914695,-10.452388187342859
-4.762032177134541,-10.451550963505532
-4.633503755417522,-10.4481751701167
-4.508417618275884,-10.442024318121044
-4.42700760384005,-10.436272907471839
-4.268469104795893,-10.421103152884417
-4.1911000775499625,-10.411935545777213
-4.078723821898624,-10.39703517557867
-3.969945661053495,-10.380411419638259
-3.864430410603817,-10.36269290254129
-3.761603443312419,-10.344793700715103
-3.6944549041555605,-10.332994986951807
-3.595793282275122,-10.315561586774523
-3.49909555425851,-10.298666277687486
-3.43535238416372,-10.287758349979079
-3.3402961846116073,-10.271899084246156
-3.2770500012660366,-10.261620962264544
-3.1501278036080556,-10.241647676546426
-3.086190358181649,-10.231910383109652
-2.9568557076185242,-10.2128709074774
-2.891292803582696,-10.203561980003741
-2.791625221703294,-10.189867920792828
-2.7242029377831902,-10.180930225452665
-2.6559279428358873,-10.172160005701594
-2.5166228826406205,-10.155185839399518
-2.445508517619771,-10.147019069219054
-2.336898386112994,-10.135226681993672
-2.225871531791709,-10.12404887598947
-2.1123573161478197,-10.113562076679807
-1.9963161871690918,-10.10384273562254
-1.8777369398381594,-10.094965679861271
-1.7972803187832869,-10.089550972040916
-1.6330465601070723,-10.080017128269509
-1.5493027201032394,-10.075932644615314
-1.4645030036401865,-10.072324646704427
-1.3353810959862178,-10.067835340415204
-1.2040420271285364,-10.064484361911738
-1.0705982630336712,-10.062298536452492
-0.9351721896770314,-10.061294446487775
-0.7978933658212071,-10.061478318014686
-0.70541097312648,-10.062259418898568
-0.6122050656162393,-10.063563263864905
-0.42378451652781185,-10.067714525364208
-0.32865028597328083,-10.07054580236326
-0.13673115645597997,-10.07766945969244
-0.08843543460353301,-10.079745751350385
0.05713577165955255,-10.086656401207657
0.20363992892902497,-10.094549853825653
0.35096298273305365,-10.103370645543617
0.49899805232507677,-10.113060472377702
0.6476459660795562,-10.123558268662673
0.7470397192145557,-10.130974363903793
0.8466402000944442,-10.13870234093661
0.9963778916429489,-10.150836992250968
1.1464565319838345,-10.163565442148025
1.2968121896254183,-10.176823664775892
1.3971752004484657,-10.185925780665844
1.4976215518533642,-10.195217377468548
1.6484187965954824,-10.209471118278481
1.7993354064324705,-10.224053172041259
1.8999967483548508,-10.233929709926631
2.1014052226462208,-10.25398630174023
2.202140095075172,-10.264137534817943
2.353267609586486,-10.279480642912036
2.5044158311311375,-10.294926870447489
2.5548019024328914,-10.300091987003945
2.756359228127529,-10.320800801970531
2.85714535556453,-10.331168453576993
3.058735645360954,-10.351890987120033
3.159542576857353,-10.362232632030375
3.3107731613402565,-10.377705067456388
3.4116104692577243,-10.387986844371671
3.562898437098882,-10.40335092661993
3.7142333580045785,-10.41863696304137
3.8656251303348377,-10.43383923445556
4.017083582329262,-10.448955032661157
4.168618109412686,-10.463984309550963
4.269687702918932,-10.473956755366832
4.370797294744483,-10.48389283267847
4.573144593124606,-10.503661939138452
4.674385701426244,-10.513498663550696
4.826335350929299,-10.528200165722321
4.927695080725634,-10.537968840261435
5.079825897917522,-10.552579422941628
5.181307445035001,-10.562295078930497
5.333620632283081,-10.576837712387219
5.435222444098651,-10.586515639870235
5.5877122947208715,-10.601012531079798
5.74030281816385,-10.615491383799633
5.842083123815881,-10.625137005974508
6.0457631557774265,-10.64441896156556
6.1476586923526835,-10.654057676497034
6.300564968551545,-10.668515949929512
6.402540950048537,-10.678155940649155
6.55555639190076,-10.692618764088087
6.708494267929235,-10.707325945061307
6.810127346154466,-10.717760691335576
6.962052259910243,-10.73415563774254
7.113179595147269,-10.751437225716904
7.21333017989098,-10.763760746820871
7.362788814106041,-10.783793385350236
7.510685584924706,-10.80612309200402
7.608059202625568,-10.822397259617635
7.799554671336645,-10.857410798597975
7.846908717879318,-10.866696375607994
7.987617647337991,-10.896339196616367
8.125847632452531,-10.928779064751597
8.261590077088586,-10.963667652046766
8.395043608281815,-11.000964663204694
8.482739497514014,-11.02735641473548
8.612479277639556,-11.069516545518743
8.697841509307768,-11.099469735522705
8.824308459475516,-11.147336515493821
8.907840685979961,-11.181045342574615
9.03222043989349,-11.233943100754109
9.155587437990015,-11.289613038829543
9.237432025297315,-11.328082630635524
9.319110957188625,-11.367424480859171
9.482461447914325,-11.44796559690309
9.564334027728922,-11.488819462961752
9.605355170398198,-11.509323144471596
9.770182407825587,-11.591459038192996
9.853124961456414,-11.632400369838079
9.978304124281312,-11.693360893057992
10.062306885070067,-11.733571504295702
10.231723563949387,-11.812611263681033
10.317166999298426,-11.851301991807716
10.446280295193233,-11.908126528511229
10.532997748337218,-11.945124143406053
10.620233744659718,-11.981357128994212
10.796268146988469,-12.051361358131624
10.885065792350291,-12.085058116043713
11.01923094251757,-12.133879988664955
11.109313790711886,-12.16524154124033
11.245382263994612,-12.210451145554908
11.382560906765777,-12.253416004871886
11.42852864658002,-12.267232137957858
11.613572907632966,-12.319950128207571
11.706778958063522,-12.344780451046454
11.89449611247922,-12.391403152316148
11.941687445713569,-12.402432815937809
12.083861991370263,-12.434046145737454
12.22689865531255,-12.463492951279113
12.322710322411872,-12.481956011507714
12.467070615737331,-12.507959594754027
12.563717137764197,-12.52420813188074
12.709258697295553,-12.54702434910882
12.855441971003003,-12.568067736524009
12.953229904435105,-12.581166746829055
13.100375469567776,-12.599505388173842
13.198761939366133,-12.6109081406096
13.346743358534752,-12.626864506396501
13.495169782844567,-12.641546754559627
13.54473724581994,-12.646177605121704
13.743429776864506,-12.663495948728412
13.843011150346237,-12.671488433734252
13.992649013454287,-12.682732272809933
14.09257119580869,-12.68977520794663
14.192613987528217,-12.696489672509319
14.393028753242023,-12.709041817189512
14.493385546313565,-12.714930332594669
14.59383251232074,-12.720593198339682
14.744657857874785,-12.728713664697532
14.794971252764,-12.731331179743522
14.996397605052188,-12.741420246777395
15.097205531340773,-12.74626691396358
15.298987739450036,-12.755645863529292
15.848382582070984,-12.779807552729421
15.995203422075306,-12.786062685162763
16.092108108300938,-12.790168507136494
16.188300947960535,-12.79422304396843
16.37753290481779,-12.802156633185202
16.470876067390552,-12.806045508754694
16.563580355391405,-12.809888558223836
16.701535362248347,-12.8155700231901
16.792915799112805,-12.819305680482334
16.929435860392484,-12.824839092536603
17.065700200187816,-12.830298027632065
17.111136577293706,-12.832102844111127
17.33900372798771,-12.841029817239312
17.384788199345707,-12.842797651120987
17.52271857078749,-12.848070045919227
17.61521969812821,-12.851560876077842
17.708209629878642,-12.855033927926725
17.895781227377178,-12.861930682928906
17.990405681146648,-12.865355903918894
18.085605638531995,-12.868766690475356
18.229491529806833,-12.873857004369816
18.37466755421474,-12.878917360751917
18.47215008956605,-12.882274927076049
18.57017179011396,-12.885620110526178
18.767742771916588,-12.892274278546791
18.81743452385203,-12.893930341690059
18.91715091533853,-12.897233776443517
19.11780131783564,-12.903806907067338
19.21866704197674,-12.907076777839874
19.42130287259091,-12.91358534914853
19.472124285971322,-12.915206226071653
19.57393120298868,-12.918440896491019
19.778081494485125,-12.924883112954358
19.931534072018376,-12.929693118368519
19.982728832002522,-12.931292868402087
20.18763106851046,-12.937676407034685
20.290109378837577,-12.940860063454338
20.443792263189486,-12.945628039709167
21.361813960653812,-12.974192065294329
21.463165201246536,-12.977370539700903
21.564365922074515,-12.980552077595354
21.766316363196335,-12.986925867060249
21.867070165615186,-12.990118424349701
21.96768133093891,-12.993315651177438
22.11834247243974,-12.998122267509467
22.168497936424362,-12.999727897658158
22.36882067847599,-13.00617208455682
22.41883191727374,-13.007789315730918
22.568717407152572,-13.012658446224764
22.668529808401775,-13.01592064600693
22.768265015480917,-13.019197118109583
22.96754526764095,-13.02579686812678
23.01733328006962,-13.027457251921945
23.166640879203033,-13.032465190254264
23.26614470692939,-13.035826919982036
23.365632114370015,-13.039207883397
23.514852390673354,-13.044316364774398
23.614337854848184,-13.047747105418248
23.763593656774482,-13.052931440801354
23.863126303619985,-13.056413343590274
23.962689423716085,-13.059915830975731
24.1121033663862,-13.065207953281405
24.21176578652568,-13.068761313489539
24.311475340522403,-13.072334683722302
24.461134841697636,-13.077731506281156
24.56097468935671,-13.08135337808994
24.710838473452576,-13.086821230071187
24.810818029811863,-13.090489119868254
24.910853901660307,-13.094174624145515
25.11109161864458,-13.101596354960355
25.16118466546407,-13.103461971450358
25.3115407050926,-13.109082330386057
25.411839159403893,-13.112848219824093
25.5121833070694,-13.116628666358263
25.712996206588517,-13.124231568181658
25.813458194266534,-13.128053151335221
25.91395243863586,-13.131887716458996
26.064746203192847,-13.137663221731083
26.165304883851547,-13.141528858251073
26.265882847364942,-13.145406516313125
26.416778048452958,-13.151245099422361
26.567696760961496,-13.157109792386498
26.66831684690803,-13.161033967699616
26.76893947809028,-13.164969683081504
26.91987216882747,-13.170894820577555
27.02048949945385,-13.174859348187589
27.171403386386967,-13.18082807508726
27.272001909838394,-13.18482198654386
27.37259007295448,-13.188827936614569
27.573730779705294,-13.196876654441185
27.624007935786285,-13.198896610311946
27.825082752370335,-13.207008355724717
27.875342914604605,-13.209044441519653
27.97585307087962,-13.213126668354633
28.176834148052084,-13.22133185528713
28.277306336894494,-13.22545517456716
28.37776742948448,-13.229592674427137
28.528440597598898,-13.235826000716665
28.679095281423212,-13.242092297703994
28.779523715382464,-13.246288462499392
28.87994741218575,-13.250499740290905
28.930157950050834,-13.252611097885286
29.13099580511453,-13.261094987638002
29.23141483400851,-13.265360095816522
29.331835941533697,-13.26964080128783
29.48247469625504,-13.276091253239201
29.633126142926347,-13.282576959756685
29.733569658144415,-13.286920364365619
29.834021937242422,-13.291279435453761
29.984719126543787,-13.297847296244695
30.085197817862174,-13.302245217947885
30.235938714040905,-13.30887086568179
30.33644883954859,-13.313306979672129
30.436972522493956,-13.317758208137105
30.58778427420269,-13.32446299889388
30.688343265453888,-13.328951256933609
30.83920870008795,-13.33571088292623
30.93980354654064,-13.340235190104117
31.04041250345264,-13.344773655945435
31.141035289369878,-13.34932613730186
31.291994568345494,-13.356180771269567
31.342320792246063,-13.358472468518201
31.493317908370045,-13.365367820385941
31.593997262628577,-13.369981433056852
31.74503654902253,-13.376926602713963
31.896097995005263,-13.383901068412218
31.94645629875238,-13.386232339840737
32.09754333373287,-13.393245316801998
32.2486465284429,-13.400286759145988
32.29901740322525,-13.402640178567447
32.50051412122498,-13.412084955768105
32.550891154037224,-13.414453862354533
32.702027721230934,-13.42157892917078
32.8027891809636,-13.426344215451664
32.90355293220411,-13.431121663340459
33.05470165965504,-13.438310518901691
33.155468830422365,-13.443118113667369
33.306620544909016,-13.450352005262925
33.40738846932632,-13.455189546382847
33.50815613414948,-13.460039057359289
33.659306637174076,-13.467335742150967
33.76007272683031,-13.472215101120726
33.91122021747099,-13.479556526794498
34.01198404568197,-13.484465715184724
34.11274694196286,-13.48938685729026
34.263889657025764,-13.49679098136651
35.1203516257978,-13.53924802038994
35.170732746761644,-13.541770871083765
35.32187808950779,-13.549355608285756
35.47302705100218,-13.556964368352423
35.52341098770297,-13.559505810230071
35.72495222639914,-13.569697132849669
35.77533903587552,-13.572251311940294
35.92650341734356,-13.579929147854887
36.027283151706364,-13.58506056169536
36.128065818735344,-13.59020236203205
36.22885151674603,-13.595354695075278
36.38003590622426,-13.603103243387437
36.480829462483214,-13.608282497210462
36.63202578692806,-13.616072007669006
36.68242615447563,-13.61867408000385
36.83363197574973,-13.626497224136564
36.934439718787765,-13.631726872476703
37.08565693026425,-13.639592886347016
37.18647198951002,-13.644851341261825
37.28728977573047,-13.650121441175678
37.438521267603555,-13.658048512829259
37.48893297470431,-13.660696709164796
37.64017144247091,-13.668658842028385
37.791414479543555,-13.676647275094968
37.84182973748524,-13.67931591207797
37.99307792987954,-13.687339214178433
38.09391184428833,-13.692702485762313
38.14432926812665,-13.69538841705448
38.34600154243962,-13.70616053105874
38.446838918018166,-13.711563400995729
38.54767688799866,-13.71697734545906
38.69893460119438,-13.725118728092257
38.74935396363294,-13.727837907062943
38.95103155012509,-13.738741142354804
39.001450898065606,-13.741473478474946
39.15270858059409,-13.749685855852361
39.25354659799983,-13.755173403471218
39.35438415094202,-13.760670886818957
39.455221155093355,-13.766178147190105
39.6064754731964,-13.77445705973297
39.656893231372216,-13.7772214360583
39.85856235983929,-13.788302241525708
39.90897914315266,-13.791078182588162
40.06022824227614,-13.79941955652034
40.16105991256397,-13.804991641215102
40.26189072341306,-13.81057255543595
40.36272067522468,-13.81616221307249
40.46354977620256,-13.821760516039197
40.56437803900296,-13.827367391635724
40.71561890060352,-13.835793644280505
40.81644515231563,-13.84142169337585
40.86685799052107,-13.844238868898513
41.06850751001617,-13.855528415442013
41.16933122237871,-13.86118561253938
41.32056556278033,-13.869686885866237
41.421387679988165,-13.875364679726776
41.52220920675806,-13.881050688692895
41.673440443147044,-13.889595076970311
41.72385058550266,-13.892447295495957
41.87508023299687,-13.90101623307076
41.975899365437066,-13.90673909324169
42.07671800275304,-13.912470149688211
42.22794504141851,-13.921082090947149
42.27835380975812,-13.923956834789923
42.47998764057239,-13.935476328869855
42.53039578183296,-13.938361322836816
42.68161941472953,-13.947028603944524
42.78243448475747,-13.952817041963849
42.93365599905796,-13.96151505834473
43.03446957188322,-13.967323949877924
43.63933586171318,-14.002347539548982
43.740144005312715,-14.008212571521991
43.840951193341986,-14.014085438970909
43.99216007915944,-14.022909282336782
44.04256251253149,-14.025854389394828
44.1937681430797,-14.034701057442346
44.294570444861826,-14.0406082145216
44.3953715275313,-14.04652282771007
44.54657075970648,-14.055408650688154
45.504090232069444,-14.112065901541698
45.60487345728899,-14.11806640391498
45.70565500372542,-14.124073592223978
45.8568241381081,-14.13309673514078
45.95760142106321,-14.13912021666255
46.058376976377374,-14.145150067807403
46.159150789924105,-14.151186269478078
46.25992284815994,-14.157228821545896
46.461461642703306,-14.169333126941426
46.51184522307972,-14.172363239441546
46.66299325545941,-14.181463393735779
46.76375633933779,-14.187538424807435
46.86451759487303,-14.193620137397849
46.96527701403104,-14.199708579629585
47.11641268305577,-14.208853971176136
47.21716747932798,-14.214959451711682
47.36829618360038,-14.224130604877152
47.46904631946834,-14.230253358519127
47.569794582274184,-14.236383064046652
47.67054096735393,-14.2425197348989
47.7712854706693,-14.248663370080758
47.87202808886432,-14.254813952004088
47.972768817790104,-14.26097146650255
48.123876359358405,-14.270220688958274
48.17424459055307,-14.273307201069427
48.375712752614,-14.285670314541774
48.426078599935586,-14.288765320982456
48.57717326733652,-14.298060381522978
48.67790064275971,-14.304265380805846
48.778626088510975,-14.310476938307673
48.87934959787782,-14.316694982909267
48.98007116441962,-14.322919429791128
49.08079078050143,-14.329150202063204
49.23186652939104,-14.338508052232662
49.332581232381756,-14.344754299191209
49.4332939537553,-14.351006605390673
49.534004683881044,-14.357264891687135
49.634713413518035,-14.363529069180172
49.785772734608116,-14.372936211430963
49.936827496070315,-14.382356176762512
50.037528119268956,-14.38864315607059
50.087877661134364,-14.391788724460934
50.18857519833214,-14.398083979308169
50.33961761783713,-14.407537026086887
50.49065534177394,-14.417002075079136
50.59134453069898,-14.423318685427036
50.69203160490631,-14.42964050608165
50.79271655318873,-14.435967499541007
50.89339936489356,-14.442299627344902
50.99408002988151,-14.448636851122302
51.094758538661445,-14.454979131067706
51.24577223759905,-14.464501972531615
51.29610904870318,-14.46767875431075
51.39678103102497,-14.47403605885128
51.54778488879819,-14.483581334714225
51.64845137208091,-14.489951036674546
51.69878378409362,-14.493137740746404
51.90010788157047,-14.50589686492733
51.95043751437177,-14.50908971377044
52.151750455100824,-14.521873370186494
52.20207728904825,-14.525072347535628
52.30272927036709,-14.531473981602769
52.45370301850441,-14.541085603156
52.554349362148066,-14.547499452787076
52.65499344355997,-14.553918182733154
52.8059553154662,-14.563555431497623
52.90659372563772,-14.56998635543571
52.95691207815451,-14.573203645177493
53.10786372124865,-14.5828628207317
53.20849530231432,-14.589308341654016
53.359438398159206,-14.598985693564249
53.46006427505569,-14.605443300112515
53.51037635661898,-14.608673912751234
53.661309171397676,-14.618372969247297
53.761928188484134,-14.62484499546347
53.862544916442346,-14.631321794091045
53.963159354372685,-14.637803342415689
54.114076714992905,-14.647534526403188
54.21468542287324,-14.654027859696349
54.315291836489294,-14.660525872400365
54.41589595521773,-14.667028533813735
54.516497778166595,-14.67353581585331
54.66739620585215,-14.683305341061589
54.71769453278836,-14.686564128778206
54.86858606442947,-14.696347284443213
54.96917754335813,-14.702875008473505
55.01947241970253,-14.70614054579009
55.220646168491974,-14.71921376004571
55.270938165989286,-14.722484807623122
55.37152043204572,-14.729030171457962
55.472100391469866,-14.735579872338775
55.57267804336728,-14.742133873990928
55.6732533865903,-14.748692143803055
55.82411206999662,-14.758537482922476
55.924681636159164,-14.765106287883318
56.02524888893668,-14.771679260290663
56.12581382695764,-14.77825637357741
56.22637644908933,-14.784837598966915
56.37721603811921,-14.794717079147569
56.42749474207232,-14.798012264888367
56.52805041026712,-14.804605660776403
56.6788795612875,-14.81450327268014
56.77942942670684,-14.821106655534535
56.87997696932562,-14.827713996932667
56.98052218873917,-14.83432527153569
57.08106508444666,-14.840940457642434
57.181605656015705,-14.84755953493666
57.282143903167785,-14.854182483328294
57.432946915404905,-14.864124120588302
57.53347935129351,-14.870756660645013
57.63400946256207,-14.877393009626571
57.73453724949571,-14.884033150313742
57.88532457356693,-14.89400042229396
57.98584655284197,-14.900649954824768
58.0863662097287,-14.907303223319145
58.136625167462114,-14.910631254841071
58.337655196504855,-14.923952652390978
58.3879112541966,-14.927285307324109
58.488421631036886,-14.933953372739989
58.639182851769355,-14.943962342494238
58.68943543426565,-14.947300489992301
58.890439980194344,-14.960662161135764
58.94068967195476,-14.964004836821983
58.990938786289796,-14.96734841173168
59.19192947304296,-14.980731681272868
59.24217570343736,-14.984079729979545
60.79952550896589,-15.088287011887823
60.89998111913061,-15.095034792532045
60.950208093610506,-15.098409660713235
61.050660382485326,-15.105161350628183
61.20133467669824,-15.115293653997327
61.25155833974768,-15.118672341652875
61.352004013964525,-15.125431603324214
61.45244748446641,-15.132193414212075
61.55288874853265,-15.13895783288739
61.70354649822733,-15.149109525808424
61.803982226304754,-15.15588083174108
61.85419925668132,-15.1592675756469
62.004847004709184,-15.169432320647289
62.10527604439797,-15.176212694572913
62.20570284409647,-15.182996281219477
62.30612739897483,-15.189783170358275
62.35633883327342,-15.19317787911962
62.45676001324897,-15.19996987236372
62.55717893925607,-15.206765354530486
62.60738755629777,-15.210164421792154
62.808216379442,-15.223769680725194
62.85842217346903,-15.22717326663689
62.95883206708879,-15.233983192608347
63.05923970182274,-15.2407968098008
63.209846922553446,-15.251024165756311
63.31024891904637,-15.257847018582309
63.36044907315534,-15.261259826945949
63.51104616457702,-15.271503751333244
63.61144142238627,-15.278337577263187
63.661638212175355,-15.28175584097878
63.86241979418545,-15.295437771837367
63.91261379932521,-15.298860442510474
64.01300014686086,-15.305708364061891
64.113384283018,-15.312559680917568
64.26395635751993,-15.32284288039402
64.36433499860829,-15.3297024004639
64.41452349944753,-15.33313335262049
64.51489886665793,-15.339997599411713
64.61527206150677,-15.346864909591302
64.66545784693616,-15.350299690548534
64.86619559916294,-15.364046119917864
64.9163786950038,-15.367484510307888
65.01674328294709,-15.374363374638552
65.11710573898749,-15.381244966439548
65.16728617006287,-15.38468676468067
65.36800260379769,-15.398460465347188
65.4683576594536,-15.405351120372961
65.51853439999537,-15.408797377849936
65.61888631060016,-15.415691725543539
65.71923613282165,-15.42258847891793
65.76941026284351,-15.426037744081228
66.87311091266534,-15.502062735403186
66.92327327274994,-15.505524448965815
67.0235964830756,-15.512449370502285
67.57533830592592,-15.550571992179403
67.77595673037527,-15.564449747502078
67.82611009114758,-15.56792049092391
67.87626295376987,-15.571391768566109
67.97656718470338,-15.57833594902693
68.07686942397532,-15.585282326796248
68.22731904957551,-15.595706106279637
68.32761631142844,-15.60265816866945
68.42791158196606,-15.609612596434665
68.52820486114003,-15.616569440208881
68.6284961492134,-15.623528746629015
68.6786410467171,-15.627009337339294
68.77892934904258,-15.633972420250561
68.9293580728927,-15.64442186590395
69.02964140442818,-15.651391424083766
69.12992275018618,-15.65836362829575
69.23020211228138,-15.665338501998294
69.28034105027686,-15.668826945145428
69.38061744205379,-15.675805851342181
69.48089185784919,-15.682787454608858
69.63129978536875,-15.693264913955504
69.73156927917331,-15.700253250297505
69.83183681197657,-15.707244268810342
69.9321023889328,-15.714237954177538
69.98223444571131,-15.717735790432185
70.08249709953097,-15.724733434873217
70.18275781224366,-15.731733684039737
70.28301659037676,-15.738736505015948
70.38327344049276,-15.745741864735251
70.43340114465634,-15.74924548553311
70.53365511531543,-15.756254588402465
70.63390717519593,-15.763266137177512
70.73415733174423,-15.770280087571878
70.88452901384535,-15.780805423431032
70.98477444425718,-15.78782519067353
71.034896454893,-15.791335921800762
71.13513907161158,-15.798359052714313
71.2353798218873,-15.805384370966362
71.33561871318734,-15.812411832732332
71.38573746389125,-15.815926355995297
71.4859735798034,-15.82295696362214
71.6363243032449,-15.833506705097985
71.73655582873931,-15.840542365607813
71.83678553004742,-15.847579985360202
71.9370134134711,-15.854619536363202
72.03723948536931,-15.861660989757162
72.08735184379377,-15.865182423414726
72.18757520931409,-15.872226689985926
72.28779677804616,-15.879272802288067
72.38801655579942,-15.88632073862154
72.48823454796657,-15.89337048289192
72.58845075970184,-15.900422022162815
72.6385581994687,-15.903948461530103
72.73877174982223,-15.911002674270717
72.83898353187699,-15.918058659526922
72.88908876123764,-15.921587314966477
72.98929789934769,-15.928645949968372
73.0895052802531,-15.935706348676556
73.18971090836197,-15.942768507845445
73.28991478764043,-15.94983243024375
73.34001607266153,-15.953365054141866
73.54041685991498,-15.96749997942678
73.64061464863815,-15.974570106591015
73.69071289328781,-15.978105840515395
73.79090808524298,-15.985178656216455
73.89110155045277,-15.992253274870519
73.99129329258685,-15.999329703303014
74.04138851857513,-16.00286859932157
74.1415776822911,-16.009947764727652
74.24176513129126,-16.01702876838975
74.34195086913823,-16.02411161883407
74.44213489920968,-16.031196327216936
74.54231722498494,-16.03828290340635
74.64249785003025,-16.045371356195155
76.64576129694312,-16.18751371885373
77.74728583762095,-16.26592518727312
77.84741520906573,-16.27306152314287
77.897479317144,-16.276630297402885
78.748510051134,-16.337370904605052
78.748510051134,-16.337370904605052
78.79856720917579,-16.340948433669613
78.99879198845066,-16.355264029339743
79.09890207009302,-16.362425161776443
79.19901061768181,-16.369588529212745
79.24906431726123,-16.3731710542273
79.24906431726123,-16.3731710542273
80.20001263431715,-16.44134509964527
81.35098368696687,-16.52410854245831
81.45105935048454,-16.531315105028828
81.551133645757,-16.538522997846314
81.65120657702928,-16.54573222028249
81.65120657702928,-16.54573222028249
81.75127815138808,-16.55294273276835
81.85134837537018,-16.56015450278253
81.95141725437256,-16.567367512836135
82.05148479257191,-16.57458176155342
82.15155099295595,-16.581797263245544
82.15155099295595,-16.581797263245544
82.25161585789357,-16.58901404019142
82.35167938939685,-16.596232119095774
82.45174158932227,-16.60345152838778
82.45174158932227,-16.60345152838778
82.60183239543255,-16.61428321344539
82.7519202126924,-16.62511809234085
82.80194882166016,-16.628730449014547
82.90200504506603,-16.635956288296843
82.90200504506603,-16.635956288296843
83.00205994327656,-16.64318366072641
83.10211351768879,-16.65041259922434
83.20216577018009,-16.657643130056663
83.30221670221559,-16.66487528495949
83.40226631530182,-16.672109095036415
84.45270836859008,-16.74816687448108
84.60275994638948,-16.759047091073434
84.65277650713733,-16.762674612616877
84.70279275318362,-16.766302519960398
84.80282430452037,-16.773559473173762
84.80282430452037,-16.773559473173762
84.90285460707489,-16.7808179132065
85.05289773150261,-16.79170831296597
85.15292493460917,-16.79897039548406
85.25295090439398,-16.806233939118773
85.25295090439398,-16.806233939118773
85.35297564331842,-16.81349896254707
85.45299915405633,-16.820765481386356
85.55302143937027,-16.828033509861232
85.55302143937027,-16.828033509861232
85.70305257460657,-16.838938428730966
85.85308096542863,-16.84984685949558
85.90308982061455,-16.853483793627436
86.00310661982883,-16.8607588658098
86.00310661982883,-16.8607588658098
86.10312220598018,-16.868035560830474
86.20313658170141,-16.87531389353107
86.30314974991002,-16.88259387475693
86.30314974991002,-16.88259387475693
87.70320954619302,-16.98468449764037
87.85320255606682,-16.995639566624153
87.90319966884678,-16.999291854433274
87.95319650353365,-17.00294444496212
87.95319650353365,-17.00294444496212
88.1031853474207,-17.0139039814813
88.25317171718504,-17.02486607610027
88.30316662624571,-17.02852067357304
88.40315562397214,-17.035830741052713
88.40315562397214,-17.035830741052713
88.50314352777596,-17.043142011981363
88.60313033709001,-17.050454540624383
88.60313033709001,-17.050454540624383
88.75310849634344,-17.06142582695616
88.90308418439372,-17.07240031660609
88.9530755300592,-17.07605923409113
89.05305739397028,-17.083378259523748
89.05305739397028,-17.083378259523748
89.15303815287314,-17.090698933320862
89.2530178049212,-17.098021324662884
89.2530178049212,-17.098021324662884
89.40298520488909,-17.109008265663206
89.55295010773753,-17.11999940906247
89.60293785332257,-17.12366408904407
89.70291251100278,-17.130994936135767
89.70291251100278,-17.130994936135767
89.80288605730398,-17.138327803421586
89.80288605730398,-17.138327803421586
89.95284429349988,-17.14933098043956
90.10280003376903,-17.16033888722346
90.15278472676545,-17.164009254275644
90.25275328307006,-17.171351605867937
90.25275328307006,-17.171351605867937
90.35272073467449,-17.1786961301343
90.5026698469091,-17.18971700482729
90.5026698469091,-17.18971700482729
90.65261649047454,-17.200742790769894
90.70259815822288,-17.204419145690096
90.70259815822288,-17.204419145690096
90.80256067635985,-17.211773490840116
92.15195079688397,-17.311255161473653
93.40122519892266,-17.403607931219184
93.45119310743276,-17.40730609105315
93.45119310743276,-17.40730609105315
93.60109541837535,-17.41840271705868
93.75099558440027,-17.42950297145912
93.80096182820523,-17.433203905662495
93.80096182820523,-17.433203905662495
93.90089359536584,-17.440607118178164
93.90089359536584,-17.440607118178164
94.00082439661591,-17.44801222419054
94.15071877143299,-17.459123725189503
94.15071877143299,-17.459123725189503
94.30061092453782,-17.47024033165857
94.35057447495974,-17.473947113711056
94.35057447495974,-17.473947113711056
94.45050081607071,-17.481362690560196
94.55042613424304,-17.48878111177919
94.55042613424304,-17.48878111177919
94.70031217073078,-17.499914453277636
94.70031217073078,-17.499914453277636
94.85019584632198,-17.511055171972373
94.9001565409656,-17.514770482324586
95.00007712627375,-17.522203842526697
95.00007712627375,-17.522203842526697
95.09999663186143,-17.529640986307466
95.09999663186143,-17.529640986307466
95.24987384831512,-17.540804101829472
95.39974859567832,-17.551976448712878
95.4497062921477,-17.555702688300798
95.49966371059051,-17.559430019545264
95.54962085030448,-17.563158456082387
95.6495342911295,-17.570618694453565
95.79940235083888,-17.581817597728282
95.84935780858605,-17.58555288508757
95.94926787645004,-17.593027023635013
95.94926787645004,-17.593027023635013
96.04917681030395,-17.600505994077803
96.04917681030395,-17.600505994077803
96.1490846082131,-17.60798985763604
96.29894417070744,-17.619224964569405
96.29894417070744,-17.619224964569405
96.44880116417389,-17.630471454690166
