19.97357069093077,6.763934352786186e-05
19.97357069093077,6.763934352786186e-05
19.97357069093077,6.763934352786186e-05
19.9730747534544,0.00018894109011631305
19.972594182536334,0.00032661395197134156
19.972594182536334,0.00032661395197134156
19.972594182536334,0.00032661395197134156
19.972594182536334,0.00032661395197134156
19.970073621575192,0.0012829541733333735
19.970073621575192,0.0012829541733333735
19.970073621575192,0.0012829541733333735
19.970073621575192,0.0012829541733333735
19.970073621575192,0.0012829541733333735
19.966380447711785,0.0029862374884389456
19.966380447711785,0.0029862374884389456
19.966380447711785,0.0029862374884389456
19.966380447711785,0.0029862374884389456
19.960475060325557,0.005828802009783448
19.960475060325557,0.005828802009783448
19.960475060325557,0.005828802009783448
19.960475060325557,0.005828802009783448
19.960475060325557,0.005828802009783448
19.948735817283954,0.011769919749136425
19.948735817283954,0.011769919749136425
19.948735817283954,0.011769919749136425
19.948735817283954,0.011769919749136425
19.93090762735498,0.021321383011876832
19.92650286841177,0.02374787999926065
19.92650286841177,0.02374787999926065
19.92650286841177,0.02374787999926065
19.92650286841177,0.02374787999926065
19.92650286841177,0.02374787999926065
19.90577628942964,0.035389956524488564
19.90577628942964,0.035389956524488564
19.90577628942964,0.035389956524488564
19.90577628942964,0.035389956524488564
19.872208177996015,0.0546636914142679
19.872208177996015,0.0546636914142679
19.872208177996015,0.0546636914142679
19.872208177996015,0.0546636914142679
19.872208177996015,0.0546636914142679
19.829137223054303,0.07958293182750802
19.8192936484877,0.08526540266373585
19.8192936484877,0.08526540266373585
19.8192936484877,0.08526540266373585
19.8192936484877,0.08526540266373585
19.787165796531728,0.1037207189657854
19.787165796531728,0.1037207189657854
19.787165796531728,0.1037207189657854
19.787165796531728,0.1037207189657854
19.787165796531728,0.1037207189657854
19.72452789904872,0.1391332841823531
19.72452789904872,0.1391332841823531
19.72452789904872,0.1391332841823531
19.72452789904872,0.1391332841823531
19.649795739287516,0.1801798856434439
19.633329780290627,0.189037145139964
19.633329780290627,0.189037145139964
19.633329780290627,0.189037145139964
19.633329780290627,0.189037145139964
19.56221391801929,0.226512171561504
19.56221391801929,0.226512171561504
19.56221391801929,0.226512171561504
19.56221391801929,0.226512171561504
19.56221391801929,0.226512171561504
19.48245418568848,0.26707704220917455
19.48245418568848,0.26707704220917455
19.48245418568848,0.26707704220917455
19.48245418568848,0.26707704220917455
19.39376443038516,0.31046584701437824
19.39376443038516,0.31046584701437824
19.39376443038516,0.31046584701437824
19.39376443038516,0.31046584701437824
19.39376443038516,0.31046584701437824
19.26997664560023,0.3682401925414085
19.26997664560023,0.3682401925414085
19.26997664560023,0.3682401925414085
19.26997664560023,0.3682401925414085
19.13147788809595,0.4294247482596766
19.101998966426255,0.44202302896145507
19.101998966426255,0.44202302896145507
19.101998966426255,0.44202302896145507
19.101998966426255,0.44202302896145507
19.101998966426255,0.44202302896145507
18.978199474735554,0.49347396855329884
18.978199474735554,0.49347396855329884
18.978199474735554,0.49347396855329884
18.978199474735554,0.49347396855329884
18.845119914896262,0.546434197295677
18.845119914896262,0.546434197295677
18.845119914896262,0.546434197295677
18.845119914896262,0.546434197295677
18.845119914896262,0.546434197295677
18.666287362145482,0.614398714690454
18.666287362145482,0.614398714690454
18.666287362145482,0.614398714690454
18.666287362145482,0.614398714690454
18.474661937053842,0.6839451696275265
18.474661937053842,0.6839451696275265
18.474661937053842,0.6839451696275265
18.474661937053842,0.6839451696275265
18.474661937053842,0.6839451696275265
18.271689988607434,0.7547218581903344
18.229873276912464,0.7689972721996737
18.229873276912464,0.7689972721996737
18.229873276912464,0.7689972721996737
18.229873276912464,0.7689972721996737
18.187679453021275,0.7833070920226615
18.058965641079634,0.8264197643333876
18.058965641079634,0.8264197643333876
18.058965641079634,0.8264197643333876
18.058965641079634,0.8264197643333876
17.88285678320142,0.884258535442757
17.88285678320142,0.884258535442757
17.88285678320142,0.884258535442757
17.88285678320142,0.884258535442757
17.88285678320142,0.884258535442757
17.656639306881118,0.956954438321176
17.656639306881118,0.956954438321176
17.656639306881118,0.956954438321176
17.656639306881118,0.956954438321176
17.425062207391214,1.0298961807140108
17.378227806140384,1.044498205669549
17.378227806140384,1.044498205669549
17.378227806140384,1.044498205669549
17.378227806140384,1.044498205669549
17.378227806140384,1.044498205669549
17.18951036362174,1.1029115977005122
17.18951036362174,1.1029115977005122
17.18951036362174,1.1029115977005122
17.18951036362174,1.1029115977005122
16.999051896752576,1.1612866836576818
16.999051896752576,1.1612866836576818
16.999051896752576,1.1612866836576818
16.999051896752576,1.1612866836576818
16.759398433223172,1.2341242377028852
16.759398433223172,1.2341242377028852
16.759398433223172,1.2341242377028852
16.759398433223172,1.2341242377028852
16.759398433223172,1.2341242377028852
16.518902971556898,1.3067491674941558
16.47077924027998,1.3212442560889586
16.47077924027998,1.3212442560889586
16.47077924027998,1.3212442560889586
16.47077924027998,1.3212442560889586
16.2784045040831,1.3791171605940669
16.2784045040831,1.3791171605940669
16.2784045040831,1.3791171605940669
16.2784045040831,1.3791171605940669
16.2784045040831,1.3791171605940669
16.086474667651906,1.436812538063601
16.086474667651906,1.436812538063601
16.086474667651906,1.436812538063601
16.086474667651906,1.436812538063601
15.89527993734877,1.4943295363914817
15.89527993734877,1.4943295363914817
15.89527993734877,1.4943295363914817
15.89527993734877,1.4943295363914817
15.89527993734877,1.4943295363914817
15.65767234711992,1.565985142974196
15.65767234711992,1.565985142974196
15.65767234711992,1.565985142974196
15.65767234711992,1.565985142974196
15.421916252959358,1.6373966030873979
15.375008350023316,1.6516525146870138
15.375008350023316,1.6516525146870138
15.375008350023316,1.6516525146870138
15.375008350023316,1.6516525146870138
15.375008350023316,1.6516525146870138
15.188228115523744,1.7085992367759706
15.188228115523744,1.7085992367759706
15.188228115523744,1.7085992367759706
15.188228115523744,1.7085992367759706
15.002837392412781,1.7654391147195796
15.002837392412781,1.7654391147195796
15.002837392412781,1.7654391147195796
15.002837392412781,1.7654391147195796
15.002837392412781,1.7654391147195796
14.773050927358026,1.8363745384950236
14.773050927358026,1.8363745384950236
14.773050927358026,1.8363745384950236
14.773050927358026,1.8363745384950236
14.773050927358026,1.8363745384950236
14.545349988096769,1.9072260411902782
14.545349988096769,1.9072260411902782
14.545349988096769,1.9072260411902782
14.545349988096769,1.9072260411902782
14.545349988096769,1.9072260411902782
14.319567492580733,1.9780374828198557
14.319567492580733,1.9780374828198557
14.319567492580733,1.9780374828198557
14.319567492580733,1.9780374828198557
14.095471569676583,2.048847379745465
14.050831025941322,2.0630120955214206
14.050831025941322,2.0630120955214206
14.050831025941322,2.0630120955214206
14.050831025941322,2.0630120955214206
14.050831025941322,2.0630120955214206
13.872786408823837,2.119687885244601
13.872786408823837,2.119687885244601
13.872786408823837,2.119687885244601
13.872786408823837,2.119687885244601
13.82839254761393,2.133861956861433
13.651212997261919,2.190583113844375
13.651212997261919,2.190583113844375
13.651212997261919,2.190583113844375
13.651212997261919,2.190583113844375
13.430448191005866,2.2615490398126497
13.38636627921084,2.275751627427059
13.38636627921084,2.275751627427059
13.38636627921084,2.275751627427059
13.38636627921084,2.275751627427059
13.38636627921084,2.275751627427059
13.21020080358536,2.332594755800072
13.21020080358536,2.332594755800072
13.21020080358536,2.332594755800072
13.21020080358536,2.332594755800072
13.034194686506298,2.3894900452364913
13.034194686506298,2.3894900452364913
13.034194686506298,2.3894900452364913
13.034194686506298,2.3894900452364913
12.858225748770929,2.4464354076752826
12.858225748770929,2.4464354076752826
12.858225748770929,2.4464354076752826
12.858225748770929,2.4464354076752826
12.858225748770929,2.4464354076752826
12.638155756531603,2.5176811422076564
12.638155756531603,2.5176811422076564
12.638155756531603,2.5176811422076564
12.638155756531603,2.5176811422076564
12.417806182448764,2.5889868187644924
12.373690515471754,2.603253875602858
12.373690515471754,2.603253875602858
12.373690515471754,2.603253875602858
12.373690515471754,2.603253875602858
12.373690515471754,2.603253875602858
12.197046681721181,2.6603374286339014
12.197046681721181,2.6603374286339014
12.197046681721181,2.6603374286339014
12.197046681721181,2.6603374286339014
12.197046681721181,2.6603374286339014
11.975788068569727,2.7317160438991883
11.975788068569727,2.7317160438991883
11.975788068569727,2.7317160438991883
11.975788068569727,2.7317160438991883
11.975788068569727,2.7317160438991883
11.753980011999083,2.8031050217995244
11.753980011999083,2.8031050217995244
11.753980011999083,2.8031050217995244
11.753980011999083,2.8031050217995244
11.531607205551099,2.8744869280790493
11.487065704028865,2.8887610056035666
11.487065704028865,2.8887610056035666
11.487065704028865,2.8887610056035666
11.487065704028865,2.8887610056035666
11.30868428320128,2.9458454598047776
11.30868428320128,2.9458454598047776
11.30868428320128,2.9458454598047776
11.30868428320128,2.9458454598047776
11.30868428320128,2.9458454598047776
11.129975120422557,3.002905803937899
11.129975120422557,3.002905803937899
11.129975120422557,3.002905803937899
11.129975120422557,3.002905803937899
10.950966198913319,3.0599359118911575
10.950966198913319,3.0599359118911575
10.950966198913319,3.0599359118911575
10.950966198913319,3.0599359118911575
10.950966198913319,3.0599359118911575
10.726833708562275,3.1311735410422785
10.726833708562275,3.1311735410422785
10.726833708562275,3.1311735410422785
10.726833708562275,3.1311735410422785
10.502353414399224,3.202349393227445
10.502353414399224,3.202349393227445
10.502353414399224,3.202349393227445
10.502353414399224,3.202349393227445
10.502353414399224,3.202349393227445
10.277594737864375,3.273459740486372
10.232615408408309,3.287673834074993
10.232615408408309,3.287673834074993
10.232615408408309,3.287673834074993
10.232615408408309,3.287673834074993
10.052622175249397,3.3445038376679257
10.052622175249397,3.3445038376679257
10.052622175249397,3.3445038376679257
10.052622175249397,3.3445038376679257
10.052622175249397,3.3445038376679257
9.872527817878519,3.4012925762698614
9.872527817878519,3.4012925762698614
9.872527817878519,3.4012925762698614
9.872527817878519,3.4012925762698614
9.6923554141643,3.458041960475267
9.6923554141643,3.458041960475267
9.6923554141643,3.458041960475267
9.6923554141643,3.458041960475267
9.6923554141643,3.458041960475267
9.467056537382321,3.52892738304803
9.467056537382321,3.52892738304803
9.467056537382321,3.52892738304803
9.467056537382321,3.52892738304803
9.241684955208648,3.5997615654624453
9.196602887999992,3.6139228500606015
9.196602887999992,3.6139228500606015
9.196602887999992,3.6139228500606015
9.196602887999992,3.6139228500606015
9.196602887999992,3.6139228500606015
9.01624915292291,3.6705514666861863
9.01624915292291,3.6705514666861863
9.01624915292291,3.6705514666861863
9.01624915292291,3.6705514666861863
8.835851933119894,3.7271562579518545
8.835851933119894,3.7271562579518545
8.835851933119894,3.7271562579518545
8.835851933119894,3.7271562579518545
8.835851933119894,3.7271562579518545
8.610283092421602,3.7978840450845457
8.610283092421602,3.7978840450845457
8.610283092421602,3.7978840450845457
8.610283092421602,3.7978840450845457
8.610283092421602,3.7978840450845457
8.384613365052063,3.8685862627034826
8.384613365052063,3.8685862627034826
8.384613365052063,3.8685862627034826
8.384613365052063,3.8685862627034826
8.158814940717498,3.9392681327206356
8.113637089455862,3.9534024424070693
8.113637089455862,3.9534024424070693
8.113637089455862,3.9534024424070693
8.113637089455862,3.9534024424070693
8.113637089455862,3.9534024424070693
7.9328565590257965,4.009933796591499
7.9328565590257965,4.009933796591499
7.9328565590257965,4.009933796591499
7.9328565590257965,4.009933796591499
7.9328565590257965,4.009933796591499
7.706706105471609,4.080586096475567
7.706706105471609,4.080586096475567
7.706706105471609,4.080586096475567
7.706706105471609,4.080586096475567
7.616185187063792,4.108843657936523
7.480332974221224,4.151226608800162
7.480332974221224,4.151226608800162
7.480332974221224,4.151226608800162
7.480332974221224,4.151226608800162
7.253710053934354,4.2218558544568054
7.2083534425910685,4.235980318438323
7.2083534425910685,4.235980318438323
7.2083534425910685,4.235980318438323
7.2083534425910685,4.235980318438323
7.2083534425910685,4.235980318438323
7.026815162267057,4.292473322030969
7.026815162267057,4.292473322030969
7.026815162267057,4.292473322030969
7.026815162267057,4.292473322030969
7.026815162267057,4.292473322030969
6.799631992790894,4.363077607483663
6.799631992790894,4.363077607483663
6.799631992790894,4.363077607483663
6.799631992790894,4.363077607483663
6.572150587239571,4.4336666741840585
6.572150587239571,4.4336666741840585
6.572150587239571,4.4336666741840585
6.572150587239571,4.4336666741840585
6.572150587239571,4.4336666741840585
6.344367360930022,4.504238190151636
6.298774604911263,4.518350161116744
6.298774604911263,4.518350161116744
6.298774604911263,4.518350161116744
6.298774604911263,4.518350161116744
6.298774604911263,4.518350161116744
6.11628464537126,4.574789595780266
6.11628464537126,4.574789595780266
6.11628464537126,4.574789595780266
6.11628464537126,4.574789595780266
6.11628464537126,4.574789595780266
5.887909956365728,4.645318349144885
5.887909956365728,4.645318349144885
5.887909956365728,4.645318349144885
5.887909956365728,4.645318349144885
5.659255001005636,4.715822093930568
5.613491637286834,4.729919659128612
5.613491637286834,4.729919659128612
5.613491637286834,4.729919659128612
5.613491637286834,4.729919659128612
5.613491637286834,4.729919659128612
5.43033455184959,4.7862988526185495
5.43033455184959,4.7862988526185495
5.43033455184959,4.7862988526185495
5.43033455184959,4.7862988526185495
5.247018171484654,4.842659757971644
5.247018171484654,4.842659757971644
5.247018171484654,4.842659757971644
5.247018171484654,4.842659757971644
5.01766220260519,4.91308431673009
5.01766220260519,4.91308431673009
5.01766220260519,4.91308431673009
5.01766220260519,4.91308431673009
5.01766220260519,4.91308431673009
4.7880882781505525,4.983478802772069
4.742148772268189,4.997554072273469
4.742148772268189,4.997554072273469
4.742148772268189,4.997554072273469
4.742148772268189,4.997554072273469
4.558312374280436,5.053843131596144
4.558312374280436,5.053843131596144
4.558312374280436,5.053843131596144
4.558312374280436,5.053843131596144
4.558312374280436,5.053843131596144
4.374355804286684,5.110113156406332
4.374355804286684,5.110113156406332
4.374355804286684,5.110113156406332
4.374355804286684,5.110113156406332
4.374355804286684,5.110113156406332
4.144250388224518,5.1804245442920465
4.144250388224518,5.1804245442920465
4.144250388224518,5.1804245442920465
4.144250388224518,5.1804245442920465
3.9139764215879445,5.250707914374657
3.9139764215879445,5.250707914374657
3.9139764215879445,5.250707914374657
3.9139764215879445,5.250707914374657
3.9139764215879445,5.250707914374657
3.6835408656371977,5.3209646531766515
3.637434787192886,5.335012933908288
3.637434787192886,5.335012933908288
3.637434787192886,5.335012933908288
3.637434787192886,5.335012933908288
3.637434787192886,5.335012933908288
3.4529480462853672,5.391196285590916
3.4529480462853672,5.391196285590916
3.4529480462853672,5.391196285590916
3.4529480462853672,5.391196285590916
3.4529480462853672,5.391196285590916
3.222199921704055,5.461404416039285
3.222199921704055,5.461404416039285
3.222199921704055,5.461404416039285
3.222199921704055,5.461404416039285
2.9912964608956747,5.53159061455851
2.9450970148914006,5.545625359641343
2.9450970148914006,5.545625359641343
2.9450970148914006,5.545625359641343
2.9450970148914006,5.545625359641343
2.9450970148914006,5.545625359641343
2.76023614736796,5.6017564491011385
2.76023614736796,5.6017564491011385
2.76023614736796,5.6017564491011385
2.76023614736796,5.6017564491011385
2.575273283964015,5.65787537816758
2.575273283964015,5.65787537816758
2.575273283964015,5.65787537816758
2.575273283964015,5.65787537816758
2.390206885516296,5.71398275517809
2.390206885516296,5.71398275517809
2.390206885516296,5.71398275517809
2.390206885516296,5.71398275517809
2.390206885516296,5.71398275517809
2.158725912583658,5.784101557303457
2.158725912583658,5.784101557303457
2.158725912583658,5.784101557303457
2.158725912583658,5.784101557303457
1.9270779258276407,5.8542039835132345
1.8807280817374572,5.868222562241016
1.8807280817374572,5.868222562241016
1.8807280817374572,5.868222562241016
1.8807280817374572,5.868222562241016
1.8807280817374572,5.868222562241016
1.6952607688038246,5.924290688620213
1.6952607688038246,5.924290688620213
1.6952607688038246,5.924290688620213
1.6952607688038246,5.924290688620213
1.5096843608154633,5.980349030691032
1.5096843608154633,5.980349030691032
1.5096843608154633,5.980349030691032
1.5096843608154633,5.980349030691032
1.2775602554069019,6.050408410956364
1.2775602554069019,6.050408410956364
1.2775602554069019,6.050408410956364
1.2775602554069019,6.050408410956364
1.2775602554069019,6.050408410956364
1.0452662588704793,6.120452911134819
0.9987872214839502,6.134460031916868
0.9987872214839502,6.134460031916868
0.9987872214839502,6.134460031916868
0.9987872214839502,6.134460031916868
0.9987872214839502,6.134460031916868
0.8128042918905991,6.190482604248545
0.8128042918905991,6.190482604248545
0.8128042918905991,6.190482604248545
0.8128042918905991,6.190482604248545
0.8128042918905991,6.190482604248545
0.5801773488527672,6.260497479044233
0.5801773488527672,6.260497479044233
0.5801773488527672,6.260497479044233
0.5801773488527672,6.260497479044233
0.34738934830004264,6.330497462392208
0.34738934830004264,6.330497462392208
0.34738934830004264,6.330497462392208
0.34738934830004264,6.330497462392208
0.34738934830004264,6.330497462392208
0.11444495267747978,6.400482499821946
0.06783775424126798,6.41447770688969
0.06783775424126798,6.41447770688969
0.06783775424126798,6.41447770688969
0.06783775424126798,6.41447770688969
0.06783775424126798,6.41447770688969
-0.11865066859045398,6.4704525361715906
-0.11865066859045398,6.4704525361715906
-0.11865066859045398,6.4704525361715906
-0.11865066859045398,6.4704525361715906
-0.3052323893554337,6.526417755525533
-0.3052323893554337,6.526417755525533
-0.3052323893554337,6.526417755525533
-0.3052323893554337,6.526417755525533
-0.3052323893554337,6.526417755525533
-0.5385864390923742,6.596360806773688
-0.5385864390923742,6.596360806773688
-0.5385864390923742,6.596360806773688
-0.5385864390923742,6.596360806773688
-0.7720764563216603,6.666288991742276
-0.8187903195261766,6.680272859615918
-0.8187903195261766,6.680272859615918
-0.8187903195261766,6.680272859615918
-0.8187903195261766,6.680272859615918
-0.8187903195261766,6.680272859615918
-1.0056973281725239,6.736202510941498
-1.0056973281725239,6.736202510941498
-1.0056973281725239,6.736202510941498
-1.0056973281725239,6.736202510941498
-1.1926850800196325,6.7921229396003335
-1.1926850800196325,6.7921229396003335
-1.1926850800196325,6.7921229396003335
-1.1926850800196325,6.7921229396003335
-1.3797514190738553,6.848034311505529
-1.3797514190738553,6.848034311505529
-1.3797514190738553,6.848034311505529
-1.3797514190738553,6.848034311505529
-1.3797514190738553,6.848034311505529
-1.613691946401346,6.917911101453429
-1.613691946401346,6.917911101453429
-1.613691946401346,6.917911101453429
-1.613691946401346,6.917911101453429
-1.7073009601049514,6.945858036423022
-1.8477490504881051,6.987774479168233
-1.8477490504881051,6.987774479168233
-1.8477490504881051,6.987774479168233
-1.8477490504881051,6.987774479168233
-2.0819200739809713,7.057624907001768
-2.128767752568969,7.07159348082405
-2.128767752568969,7.07159348082405
-2.128767752568969,7.07159348082405
-2.128767752568969,7.07159348082405
-2.128767752568969,7.07159348082405
-2.3162028741450227,7.127462885955995
-2.3162028741450227,7.127462885955995
-2.3162028741450227,7.127462885955995
-2.3162028741450227,7.127462885955995
-2.3162028741450227,7.127462885955995
-2.5505957511162514,7.197288923597449
-2.5505957511162514,7.197288923597449
-2.5505957511162514,7.197288923597449
-2.5505957511162514,7.197288923597449
-2.7850973538753903,7.2671035181598524
-2.8320106203115465,7.281065109036143
-2.8320106203115465,7.281065109036143
-2.8320106203115465,7.281065109036143
-2.8320106203115465,7.281065109036143
-2.8320106203115465,7.281065109036143
-3.0197065638806824,7.336907190602105
-3.0197065638806824,7.336907190602105
-3.0197065638806824,7.336907190602105
-3.0197065638806824,7.336907190602105
-3.207470753679229,7.392742581928667
-3.207470753679229,7.392742581928667
-3.207470753679229,7.392742581928667
-3.207470753679229,7.392742581928667
-3.207470753679229,7.392742581928667
-3.4422712402976834,7.46252774866906
-3.4422712402976834,7.46252774866906
-3.4422712402976834,7.46252774866906
-3.4422712402976834,7.46252774866906
-3.6771766643373933,7.532303201180254
-3.7241702510801376,7.54625715758563
-3.7241702510801376,7.54625715758563
-3.7241702510801376,7.54625715758563
-3.7241702510801376,7.54625715758563
-3.7241702510801376,7.54625715758563
-3.912185965910239,7.602069300836661
-3.912185965910239,7.602069300836661
-3.912185965910239,7.602069300836661
-3.912185965910239,7.602069300836661
-4.147297936094518,7.6718263484515585
-4.147297936094518,7.6718263484515585
-4.147297936094518,7.6718263484515585
-4.147297936094518,7.6718263484515585
-4.147297936094518,7.6718263484515585
-4.3825111798418614,7.741574597702399
-4.429565844127861,7.755523212538039
-4.429565844127861,7.755523212538039
-4.429565844127861,7.755523212538039
-4.429565844127861,7.755523212538039
-4.429565844127861,7.755523212538039
-4.617824094246167,7.811314286107966
-4.617824094246167,7.811314286107966
-4.617824094246167,7.811314286107966
-4.617824094246167,7.811314286107966
-4.617824094246167,7.811314286107966
-4.853234883093009,7.881045605045906
-4.853234883093009,7.881045605045906
-4.853234883093009,7.881045605045906
-4.853234883093009,7.881045605045906
-5.088741576236487,7.950768707777738
-5.088741576236487,7.950768707777738
-5.088741576236487,7.950768707777738
-5.088741576236487,7.950768707777738
-5.088741576236487,7.950768707777738
-5.324342053708154,8.020483744049638
-5.371473209340907,8.034425794013217
-5.371473209340907,8.034425794013217
-5.371473209340907,8.034425794013217
-5.371473209340907,8.034425794013217
-5.560034093783446,8.09019084102697
-5.560034093783446,8.09019084102697
-5.560034093783446,8.09019084102697
-5.560034093783446,8.09019084102697
-5.560034093783446,8.09019084102697
-5.748652117177751,8.145950888949297
-5.748652117177751,8.145950888949297
-5.748652117177751,8.145950888949297
-5.748652117177751,8.145950888949297
-5.748652117177751,8.145950888949297
-5.984503206327374,8.215644013529586
-5.984503206327374,8.215644013529586
-5.984503206327374,8.215644013529586
-5.984503206327374,8.215644013529586
-6.220439462888304,8.285329548015907
-6.267636738010845,8.299265755560985
-6.267636738010845,8.299265755560985
-6.267636738010845,8.299265755560985
-6.267636738010845,8.299265755560985
-6.456458671661386,8.35500762945017
-6.456458671661386,8.35500762945017
-6.456458671661386,8.35500762945017
-6.456458671661386,8.35500762945017
-6.456458671661386,8.35500762945017
-6.645332336937907,8.410744819319833
-6.645332336937907,8.410744819319833
-6.645332336937907,8.410744819319833
-6.645332336937907,8.410744819319833
-6.645332336937907,8.410744819319833
-6.881495602185661,8.48040982819071
-6.881495602185661,8.48040982819071
-6.881495602185661,8.48040982819071
-6.881495602185661,8.48040982819071
-7.117736200212561,8.550067779117423
-7.164993442938323,8.56399853644906
-7.164993442938323,8.56399853644906
-7.164993442938323,8.56399853644906
-7.164993442938323,8.56399853644906
-7.164993442938323,8.56399853644906
-7.3540523755964315,8.619718839749659
-7.3540523755964315,8.619718839749659
-7.3540523755964315,8.619718839749659
-7.3540523755964315,8.619718839749659
-7.401324535404505,8.633648240195456
-7.590442514603973,8.689363177490693
-7.590442514603973,8.689363177490693
-7.590442514603973,8.689363177490693
-7.590442514603973,8.689363177490693
-7.82690513634015,8.759000961025457
-7.874206236497081,8.772927747307547
-7.874206236497081,8.772927747307547
-7.874206236497081,8.772927747307547
-7.874206236497081,8.772927747307547
-8.063438872948273,8.8286323786234
-8.063438872948273,8.8286323786234
-8.063438872948273,8.8286323786234
-8.063438872948273,8.8286323786234
-8.063438872948273,8.8286323786234
-8.252716210075356,8.884333055419981
-8.252716210075356,8.884333055419981
-8.252716210075356,8.884333055419981
-8.252716210075356,8.884333055419981
-8.252716210075356,8.884333055419981
-8.489374813512468,8.953953480706149
-8.489374813512468,8.953953480706149
-8.489374813512468,8.953953480706149
-8.489374813512468,8.953953480706149
-8.726101168039976,9.023568050404567
-8.773454471667046,9.037490277286079
-8.773454471667046,9.037490277286079
-8.773454471667046,9.037490277286079
-8.773454471667046,9.037490277286079
-8.773454471667046,9.037490277286079
-8.962894171198492,9.093176943887118
-8.962894171198492,9.093176943887118
-8.962894171198492,9.093176943887118
-8.962894171198492,9.093176943887118
-9.152375835370531,9.148860081074492
-9.152375835370531,9.148860081074492
-9.152375835370531,9.148860081074492
-9.152375835370531,9.148860081074492
-9.152375835370531,9.148860081074492
-9.38928609089625,9.218459157019664
-9.38928609089625,9.218459157019664
-9.38928609089625,9.218459157019664
-9.38928609089625,9.218459157019664
-9.626259976688416,9.288052981337568
-9.673662293304941,9.301971127791823
-9.673662293304941,9.301971127791823
-9.673662293304941,9.301971127791823
-9.673662293304941,9.301971127791823
-9.673662293304941,9.301971127791823
-9.86329639470575,9.357641689171462
-9.86329639470575,9.357641689171462
-9.86329639470575,9.357641689171462
-9.86329639470575,9.357641689171462
-9.86329639470575,9.357641689171462
-10.100394225964056,9.427225400568576
-10.100394225964056,9.427225400568576
-10.100394225964056,9.427225400568576
-10.100394225964056,9.427225400568576
-10.100394225964056,9.427225400568576
-10.337552328171371,9.496804222730418
-10.337552328171371,9.496804222730418
-10.337552328171371,9.496804222730418
-10.337552328171371,9.496804222730418
-10.574769535614893,9.566378257183121
-10.622219965883534,9.580292497711762
-10.622219965883534,9.580292497711762
-10.622219965883534,9.580292497711762
-10.622219965883534,9.580292497711762
-10.622219965883534,9.580292497711762
-10.812044664715927,9.63594759782786
-10.812044664715927,9.63594759782786
-10.812044664715927,9.63594759782786
-10.812044664715927,9.63594759782786
-11.001905669500967,9.691599748088695
-11.001905669500967,9.691599748088695
-11.001905669500967,9.691599748088695
-11.001905669500967,9.691599748088695
-11.049376521663199,9.70551232959555
-11.23928204702972,9.761160850663078
-11.23928204702972,9.761160850663078
-11.23928204702972,9.761160850663078
-11.23928204702972,9.761160850663078
-11.476713002472117,9.830717486726838
-11.524205638824629,9.844628284611302
-11.524205638824629,9.844628284611302
-11.524205638824629,9.844628284611302
-11.524205638824629,9.844628284611302
-11.7141973563466,9.90026973322454
-11.7141973563466,9.90026973322454
-11.7141973563466,9.90026973322454
-11.7141973563466,9.90026973322454
-11.7141973563466,9.90026973322454
-11.90422250790096,9.955908419172458
-11.90422250790096,9.955908419172458
-11.90422250790096,9.955908419172458
-11.90422250790096,9.955908419172458
-11.90422250790096,9.955908419172458
-12.14180008331884,10.025452946554593
-12.14180008331884,10.025452946554593
-12.14180008331884,10.025452946554593
-12.14180008331884,10.025452946554593
-12.379427896251617,10.09499328394561
-12.42695939324073,10.108900854807683
-12.42695939324073,10.108900854807683
-12.42695939324073,10.108900854807683
-12.42695939324073,10.108900854807683
-12.42695939324073,10.108900854807683
-12.617104885152887,10.164529502736501
-12.617104885152887,10.164529502736501
-12.617104885152887,10.164529502736501
-12.617104885152887,10.164529502736501
-12.807281196331846,10.220155558423873
-12.807281196331846,10.220155558423873
-12.807281196331846,10.220155558423873
-12.807281196331846,10.220155558423873
-12.807281196331846,10.220155558423873
-13.04504416068812,10.289684535570947
-13.04504416068812,10.289684535570947
-13.04504416068812,10.289684535570947
-13.04504416068812,10.289684535570947
-13.04504416068812,10.289684535570947
-13.282853551023113,10.359209584373485
-13.282853551023113,10.359209584373485
-13.282853551023113,10.359209584373485
-13.282853551023113,10.359209584373485
-13.52070846173312,10.428730771587443
-13.568284829204412,10.442634551435876
-13.568284829204412,10.442634551435876
-13.568284829204412,10.442634551435876
-13.568284829204412,10.442634551435876
-13.568284829204412,10.442634551435876
-13.758608022892025,10.498248163865423
-13.758608022892025,10.498248163865423
-13.758608022892025,10.498248163865423
-13.758608022892025,10.498248163865423
-13.9489592559964,10.553859389250393
-13.9489592559964,10.553859389250393
-13.9489592559964,10.553859389250393
-13.9489592559964,10.553859389250393
-14.186937094254704,10.62337011470972
-14.186937094254704,10.62337011470972
-14.186937094254704,10.62337011470972
-14.186937094254704,10.62337011470972
-14.186937094254704,10.62337011470972
-14.42495730080198,10.692877227025326
-14.47256635788501,10.706778221439373
-14.47256635788501,10.706778221439373
-14.47256635788501,10.706778221439373
-14.47256635788501,10.706778221439373
-14.66301910122714,10.762380788960723
-14.66301910122714,10.762380788960723
-14.66301910122714,10.762380788960723
-14.66301910122714,10.762380788960723
-14.66301910122714,10.762380788960723
-14.853497978170623,10.81798112310389
-14.853497978170623,10.81798112310389
-14.853497978170623,10.81798112310389
-14.853497978170623,10.81798112310389
-14.853497978170623,10.81798112310389
-15.091632740589324,10.887478445101749
-15.091632740589324,10.887478445101749
-15.091632740589324,10.887478445101749
-15.091632740589324,10.887478445101749
-15.091632740589324,10.887478445101749
-15.329806995935693,10.956972378967073
-15.329806995935693,10.956972378967073
-15.329806995935693,10.956972378967073
-15.329806995935693,10.956972378967073
-15.568020009476738,11.026462976809189
-15.615667198920294,11.040360700392622
-15.615667198920294,11.040360700392622
-15.615667198920294,11.040360700392622
-15.615667198920294,11.040360700392622
-15.758617836124753,11.082053085898774
-15.758617836124753,11.082053085898774
-15.758617836124753,11.082053085898774
-15.758617836124753,11.082053085898774
-15.758617836124753,11.082053085898774
-15.996898780701537,11.151537799197227
-15.996898780701537,11.151537799197227
-15.996898780701537,11.151537799197227
-15.996898780701537,11.151537799197227
-15.996898780701537,11.151537799197227
-16.23521645512686,11.221019305218181
-16.23521645512686,11.221019305218181
-16.23521645512686,11.221019305218181
-16.23521645512686,11.221019305218181
-16.47357014554163,11.290497645047433
-16.52124514320757,11.304392936529268
-16.52124514320757,11.304392936529268
-16.52124514320757,11.304392936529268
-16.52124514320757,11.304392936529268
-16.52124514320757,11.304392936529268
-16.711959145324993,11.359972857122843
-16.711959145324993,11.359972857122843
-16.711959145324993,11.359972857122843
-16.711959145324993,11.359972857122843
-16.902695298477656,11.415550799487795
-16.902695298477656,11.415550799487795
-16.902695298477656,11.415550799487795
-16.902695298477656,11.415550799487795
-16.902695298477656,11.415550799487795
-17.14114610290212,11.485020472802255
-17.14114610290212,11.485020472802255
-17.14114610290212,11.485020472802255
-17.14114610290212,11.485020472802255
-17.14114610290212,11.485020472802255
-17.379630289178532,11.554487116895867
-17.379630289178532,11.554487116895867
-17.379630289178532,11.554487116895867
-17.379630289178532,11.554487116895867
-17.61814719204552,11.623950764536367
-17.665854441071208,11.637843137306804
-17.665854441071208,11.637843137306804
-17.665854441071208,11.637843137306804
-17.665854441071208,11.637843137306804
-17.665854441071208,11.637843137306804
-17.856696160935257,11.693411446719542
-17.856696160935257,11.693411446719542
-17.856696160935257,11.693411446719542
-17.856696160935257,11.693411446719542
-18.047557996221165,11.74897787782366
-18.047557996221165,11.74897787782366
-18.047557996221165,11.74897787782366
-18.047557996221165,11.74897787782366
-18.047557996221165,11.74897787782366
-18.28616309425369,11.818433298336943
-18.28616309425369,11.818433298336943
-18.28616309425369,11.818433298336943
-18.28616309425369,11.818433298336943
-18.524798520950633,11.887885836590643
-18.57252919358904,11.901776000866766
-18.57252919358904,11.901776000866766
-18.57252919358904,11.901776000866766
-18.57252919358904,11.901776000866766
-18.57252919358904,11.901776000866766
-18.763463687343013,11.957335519863303
-18.763463687343013,11.957335519863303
-18.763463687343013,11.957335519863303
-18.763463687343013,11.957335519863303
-18.954416847358402,12.012893229515832
-18.954416847358402,12.012893229515832
-18.954416847358402,12.012893229515832
-18.954416847358402,12.012893229515832
-19.19313411122269,12.082337843499065
-19.19313411122269,12.082337843499065
-19.19313411122269,12.082337843499065
-19.19313411122269,12.082337843499065
-19.19313411122269,12.082337843499065
-19.431879548288265,12.151779679007273
-19.479631969423686,12.16566771502149
-19.479631969423686,12.16566771502149
-19.479631969423686,12.16566771502149
-19.479631969423686,12.16566771502149
-19.67065262671717,12.221218761240669
-19.67065262671717,12.221218761240669
-19.67065262671717,12.221218761240669
-19.67065262671717,12.221218761240669
-19.67065262671717,12.221218761240669
-19.8616906420357,12.27676806106503
-19.8616906420357,12.27676806106503
-19.8616906420357,12.27676806106503
-19.8616906420357,12.27676806106503
-20.052745754787882,12.332315627481327
-20.052745754787882,12.332315627481327
-20.052745754787882,12.332315627481327
-20.052745754787882,12.332315627481327
-20.052745754787882,12.332315627481327
-20.291588299411824,12.401747666126488
-20.291588299411824,12.401747666126488
-20.291588299411824,12.401747666126488
-20.291588299411824,12.401747666126488
-20.530456667528018,12.47117703935798
-20.578233397345457,12.485062596281388
-20.578233397345457,12.485062596281388
-20.578233397345457,12.485062596281388
-20.578233397345457,12.485062596281388
-20.578233397345457,12.485062596281388
-20.769350376849,12.540603769862294
-20.769350376849,12.540603769862294
-20.769350376849,12.540603769862294
-20.769350376849,12.540603769862294
-20.96048327087368,12.596143267309436
-20.96048327087368,12.596143267309436
-20.96048327087368,12.596143267309436
-20.96048327087368,12.596143267309436
-21.151631840030834,12.651681100430595
-21.151631840030834,12.651681100430595
-21.151631840030834,12.651681100430595
-21.151631840030834,12.651681100430595
-21.151631840030834,12.651681100430595
-21.390589235194184,12.721101067552436
-21.390589235194184,12.721101067552436
-21.390589235194184,12.721101067552436
-21.390589235194184,12.721101067552436
-21.390589235194184,12.721101067552436
-21.629570298688453,12.79051847287756
-21.629570298688453,12.79051847287756
-21.629570298688453,12.79051847287756
-21.629570298688453,12.79051847287756
-21.868574582164914,12.859933337910968
-21.916378186299724,12.873816007916114
-21.916378186299724,12.873816007916114
-21.916378186299724,12.873816007916114
-21.916378186299724,12.873816007916114
-21.916378186299724,12.873816007916114
-22.10760164485845,12.929345681526899
-22.10760164485845,12.929345681526899
-22.10760164485845,12.929345681526899
-22.10760164485845,12.929345681526899
-22.29883940435137,12.98487375346916
-22.29883940435137,12.98487375346916
-22.29883940435137,12.98487375346916
-22.29883940435137,12.98487375346916
-22.29883940435137,12.98487375346916
-22.53790638178121,13.054281604218048
-22.53790638178121,13.054281604218048
-22.53790638178121,13.054281604218048
-22.53790638178121,13.054281604218048
-22.776994943299865,13.12368698179645
-22.82481520930021,13.137567761848208
-22.82481520930021,13.137567761848208
-22.82481520930021,13.137567761848208
-22.82481520930021,13.137567761848208
-22.82481520930021,13.137567761848208
-23.016104677417065,13.193089899330982
-23.016104677417065,13.193089899330982
-23.016104677417065,13.193089899330982
-23.016104677417065,13.193089899330982
-23.016104677417065,13.193089899330982
-23.255235180123147,13.262490371149685
-23.255235180123147,13.262490371149685
-23.255235180123147,13.262490371149685
-23.255235180123147,13.262490371149685
-23.49438605512667,13.331888412656069
-23.542218640577712,13.345767730415735
-23.542218640577712,13.345767730415735
-23.542218640577712,13.345767730415735
-23.542218640577712,13.345767730415735
-23.542218640577712,13.345767730415735
-23.73355691562729,13.401284034628468
-23.73355691562729,13.401284034628468
-23.73355691562729,13.401284034628468
-23.73355691562729,13.401284034628468
-23.924907738459495,13.456798798913269
-23.924907738459495,13.456798798913269
-23.924907738459495,13.456798798913269
-23.924907738459495,13.456798798913269
-23.924907738459495,13.456798798913269
-24.164113622496455,13.526190099279054
-24.164113622496455,13.526190099279054
-24.164113622496455,13.526190099279054
-24.164113622496455,13.526190099279054
-24.164113622496455,13.526190099279054
-24.403338450401762,13.595579017983718
-24.403338450401762,13.595579017983718
-24.403338450401762,13.595579017983718
-24.403338450401762,13.595579017983718
-24.642581865163972,13.66496556971142
-24.69043274765721,13.678842597363813
-24.69043274765721,13.678842597363813
-24.69043274765721,13.678842597363813
-24.69043274765721,13.678842597363813
-24.69043274765721,13.678842597363813
-24.881843517959602,13.734349767706291
-24.881843517959602,13.734349767706291
-24.881843517959602,13.734349767706291
-24.881843517959602,13.734349767706291
-25.07326574180546,13.789855440917643
-25.07326574180546,13.789855440917643
-25.07326574180546,13.789855440917643
-25.07326574180546,13.789855440917643
-25.07326574180546,13.789855440917643
-25.312559367327523,13.859235437408662
-25.312559367327523,13.859235437408662
-25.312559367327523,13.859235437408662
-25.312559367327523,13.859235437408662
-25.55187029306382,13.928613118001145
-25.599734525828104,13.942488377289846
-25.599734525828104,13.942488377289846
-25.599734525828104,13.942488377289846
-25.599734525828104,13.942488377289846
-25.599734525828104,13.942488377289846
-25.79119819804816,13.997988492979527
-25.79119819804816,13.997988492979527
-25.79119819804816,13.997988492979527
-25.79119819804816,13.997988492979527
-25.83906578876022,14.011863292207906
-26.030542767125663,14.067361574525433
-26.030542767125663,14.067361574525433
-26.030542767125663,14.067361574525433
-26.030542767125663,14.067361574525433
-26.26990369077703,14.136732376352503
-26.317777811311586,14.150606264076272
-26.317777811311586,14.150606264076272
-26.317777811311586,14.150606264076272
-26.317777811311586,14.150606264076272
-26.413527969112145,14.178353767061948
-26.509280666745823,14.206100907131118
-26.509280666745823,14.206100907131118
-26.509280666745823,14.206100907131118
-26.509280666745823,14.206100907131118
-26.700793605131963,14.261594104177338
-26.700793605131963,14.261594104177338
-26.700793605131963,14.261594104177338
-26.700793605131963,14.261594104177338
-26.700793605131963,14.261594104177338
-26.940198729169246,14.330958576188134
-26.940198729169246,14.330958576188134
-26.940198729169246,14.330958576188134
-26.940198729169246,14.330958576188134
-27.179619085835434,14.400320809984196
-27.179619085835434,14.400320809984196
-27.179619085835434,14.400320809984196
-27.179619085835434,14.400320809984196
-27.179619085835434,14.400320809984196
-27.419054392156635,14.469680817781398
-27.466943222808677,14.48355255338164
-27.466943222808677,14.48355255338164
-27.466943222808677,14.48355255338164
-27.466943222808677,14.48355255338164
-27.56272263599897,14.51129575891256
-27.658504370555754,14.539038610562196
-27.658504370555754,14.539038610562196
-27.658504370555754,14.539038610562196
-27.658504370555754,14.539038610562196
-27.850074733826652,14.594523257348609
-27.850074733826652,14.594523257348609
-27.850074733826652,14.594523257348609
-27.850074733826652,14.594523257348609
-27.850074733826652,14.594523257348609
-28.089550438423103,14.663877090626185
-28.089550438423103,14.663877090626185
-28.089550438423103,14.663877090626185
-28.089550438423103,14.663877090626185
-28.32904006466423,14.733228738516557
-28.37693963769412,14.747098806671131
-28.37693963769412,14.747098806671131
-28.37693963769412,14.747098806671131
-28.37693963769412,14.747098806671131
-28.37693963769412,14.747098806671131
-28.568543354829647,14.802578208396424
-28.568543354829647,14.802578208396424
-28.568543354829647,14.802578208396424
-28.568543354829647,14.802578208396424
-28.80806005537731,14.87192551012345
-28.80806005537731,14.87192551012345
-28.80806005537731,14.87192551012345
-28.80806005537731,14.87192551012345
-28.80806005537731,14.87192551012345
-29.04758991788785,14.941270652729058
-29.095497448330367,14.955139422868438
-29.095497448330367,14.955139422868438
-29.095497448330367,14.955139422868438
-29.095497448330367,14.955139422868438
-29.095497448330367,14.955139422868438
-29.287132699583093,15.010613642514684
-29.287132699583093,15.010613642514684
-29.287132699583093,15.010613642514684
-29.287132699583093,15.010613642514684
-29.287132699583093,15.010613642514684
-29.526688162064783,15.079954487286129
-29.526688162064783,15.079954487286129
-29.526688162064783,15.079954487286129
-29.526688162064783,15.079954487286129
-29.766256070870938,15.149293197704747
-29.766256070870938,15.149293197704747
-29.766256070870938,15.149293197704747
-29.766256070870938,15.149293197704747
-29.766256070870938,15.149293197704747
-30.005836196977782,15.21862978179481
-30.053753668334128,15.232496844544404
-30.053753668334128,15.232496844544404
-30.053753668334128,15.232496844544404
-30.053753668334128,15.232496844544404
-30.245428315260373,15.287964249973312
-30.245428315260373,15.287964249973312
-30.245428315260373,15.287964249973312
-30.245428315260373,15.287964249973312
-30.245428315260373,15.287964249973312
-30.43711049624718,15.343430306672815
-30.43711049624718,15.343430306672815
-30.43711049624718,15.343430306672815
-30.43711049624718,15.343430306672815
-30.43711049624718,15.343430306672815
-30.676723648490608,15.412760988858386
-30.676723648490608,15.412760988858386
-30.676723648490608,15.412760988858386
-30.676723648490608,15.412760988858386
-30.91634818682029,15.482089582194483
-30.91634818682029,15.482089582194483
-30.91634818682029,15.482089582194483
-30.91634818682029,15.482089582194483
-30.91634818682029,15.482089582194483
-31.155983903125133,15.551416095494737
-31.203912369605632,15.565281149711268
-31.203912369605632,15.565281149711268
-31.203912369605632,15.565281149711268
-31.203912369605632,15.565281149711268
-31.395630592681776,15.620740539920643
-31.395630592681776,15.620740539920643
-31.395630592681776,15.620740539920643
-31.395630592681776,15.620740539920643
-31.395630592681776,15.620740539920643
-31.58735571047489,15.676198611812211
-31.58735571047489,15.676198611812211
-31.58735571047489,15.676198611812211
-31.58735571047489,15.676198611812211
-31.77908762206642,15.731655370793922
-31.77908762206642,15.731655370793922
-31.77908762206642,15.731655370793922
-31.77908762206642,15.731655370793922
-31.77908762206642,15.731655370793922
-32.018761914578086,15.800974479790408
-32.018761914578086,15.800974479790408
-32.018761914578086,15.800974479790408
-32.018761914578086,15.800974479790408
-32.018761914578086,15.800974479790408
-32.258446476857685,15.870291554984282
-32.258446476857685,15.870291554984282
-32.258446476857685,15.870291554984282
-32.258446476857685,15.870291554984282
-32.49814112106126,15.939606609140595
-32.54608124343453,15.953469378620296
-32.54608124343453,15.953469378620296
-32.54608124343453,15.953469378620296
-32.54608124343453,15.953469378620296
-32.54608124343453,15.953469378620296
-32.73784566334488,16.00891965324007
-32.73784566334488,16.00891965324007
-32.73784566334488,16.00891965324007
-32.73784566334488,16.00891965324007
-32.73784566334488,16.00891965324007
-32.97755992315357,16.07823069871418
-32.97755992315357,16.07823069871418
-32.97755992315357,16.07823069871418
-32.97755992315357,16.07823069871418
-33.217283723318474,16.14753975693373
-33.26522961294783,16.161401330722338
-33.26522961294783,16.161401330722338
-33.26522961294783,16.161401330722338
-33.26522961294783,16.161401330722338
-33.26522961294783,16.161401330722338
-33.45701689183814,16.21684683280625
-33.45701689183814,16.21684683280625
-33.45701689183814,16.21684683280625
-33.45701689183814,16.21684683280625
-33.64881005795009,16.272291070923778
-33.64881005795009,16.272291070923778
-33.64881005795009,16.272291070923778
-33.64881005795009,16.272291070923778
-33.84060902599712,16.3277340488425
-33.84060902599712,16.3277340488425
-33.84060902599712,16.3277340488425
-33.84060902599712,16.3277340488425
-33.84060902599712,16.3277340488425
-34.08036576774559,16.3970360029069
-34.08036576774559,16.3970360029069
-34.08036576774559,16.3970360029069
-34.08036576774559,16.3970360029069
-34.17627092994868,16.42475623614438
-34.32013128300494,16.466335999843004
-34.32013128300494,16.466335999843004
-34.32013128300494,16.466335999843004
-34.32013128300494,16.466335999843004
-34.55990541322209,16.5356340482884
-34.607861259312116,16.549493424947034
-34.607861259312116,16.549493424947034
-34.607861259312116,16.549493424947034
-34.607861259312116,16.549493424947034
-34.7037739618314,16.577211945227074
-34.79968800341222,16.604930154948207
-34.79968800341222,16.604930154948207
-34.79968800341222,16.604930154948207
-34.79968800341222,16.604930154948207
-34.99152006443052,16.66036564691239
-34.99152006443052,16.66036564691239
-34.99152006443052,16.66036564691239
-34.99152006443052,16.66036564691239
-35.18335736581916,16.71579990452827
-35.18335736581916,16.71579990452827
-35.18335736581916,16.71579990452827
-35.18335736581916,16.71579990452827
-35.18335736581916,16.71579990452827
-35.42316124774233,16.78509099424206
-35.42316124774233,16.78509099424206
-35.42316124774233,16.78509099424206
-35.42316124774233,16.78509099424206
-35.662973055987095,16.854380166387763
-35.710936356253846,16.86823777137809
-35.710936356253846,16.86823777137809
-35.710936356253846,16.86823777137809
-35.710936356253846,16.86823777137809
-35.710936356253846,16.86823777137809
-35.902792649167026,16.92366742658249
-35.902792649167026,16.92366742658249
-35.902792649167026,16.92366742658249
-35.902792649167026,16.92366742658249
-35.950757489735075,16.937524649719084
-36.142619887895655,16.992952782976825
-36.142619887895655,16.992952782976825
-36.142619887895655,16.992952782976825
-36.142619887895655,16.992952782976825
-36.38245463485634,17.06223624585653
-36.430422473413635,17.07609271185269
-36.430422473413635,17.07609271185269
-36.430422473413635,17.07609271185269
-36.430422473413635,17.07609271185269
-36.430422473413635,17.07609271185269
-36.62229675672968,17.131517820734604
-36.62229675672968,17.131517820734604
-36.62229675672968,17.131517820734604
-36.62229675672968,17.131517820734604
-36.62229675672968,17.131517820734604
-36.862146121803285,17.20079751643336
-36.862146121803285,17.20079751643336
-36.862146121803285,17.20079751643336
-36.862146121803285,17.20079751643336
-37.1020026001739,17.27007534421979
-37.1020026001739,17.27007534421979
-37.1020026001739,17.27007534421979
-37.1020026001739,17.27007534421979
-37.1020026001739,17.27007534421979
-37.34186606556426,17.33935131128616
-37.389839586046904,17.353206282373314
-37.389839586046904,17.353206282373314
-37.389839586046904,17.353206282373314
-37.389839586046904,17.353206282373314
-37.58173639358083,17.4086254265915
-37.58173639358083,17.4086254265915
-37.58173639358083,17.4086254265915
-37.58173639358083,17.4086254265915
-37.58173639358083,17.4086254265915
-37.77363751540351,17.464043390167788
-37.77363751540351,17.464043390167788
-37.77363751540351,17.464043390167788
-37.77363751540351,17.464043390167788
-37.77363751540351,17.464043390167788
-38.01351989122841,17.53331419114846
-38.01351989122841,17.53331419114846
-38.01351989122841,17.53331419114846
-38.01351989122841,17.53331419114846
-38.253408794353646,17.602583163340263
-38.253408794353646,17.602583163340263
-38.253408794353646,17.602583163340263
-38.253408794353646,17.602583163340263
-38.253408794353646,17.602583163340263
-38.493304109411774,17.671850314484356
-38.54128393174386,17.68570352725417
-38.54128393174386,17.68570352725417
-38.54128393174386,17.68570352725417
-38.54128393174386,17.68570352725417
-38.73320572246689,17.74111565482582
-38.73320572246689,17.74111565482582
-38.73320572246689,17.74111565482582
-38.73320572246689,17.74111565482582
-38.73320572246689,17.74111565482582
-38.92513147264339,17.79652662887169
-38.92513147264339,17.79652662887169
-38.92513147264339,17.79652662887169
-38.92513147264339,17.79652662887169
-39.117061126015344,17.851936454550476
-39.117061126015344,17.851936454550476
-39.117061126015344,17.851936454550476
-39.117061126015344,17.851936454550476
-39.117061126015344,17.851936454550476
-39.356978597688276,17.92119712812532
-39.356978597688276,17.92119712812532
-39.356978597688276,17.92119712812532
-39.356978597688276,17.92119712812532
-39.596901975440815,17.990456024552596
-39.596901975440815,17.990456024552596
-39.596901975440815,17.990456024552596
-39.596901975440815,17.990456024552596
-39.596901975440815,17.990456024552596
-39.83683115485651,18.059713153813263
-39.884817677815256,18.073564368733475
-39.884817677815256,18.073564368733475
-39.884817677815256,18.073564368733475
-39.884817677815256,18.073564368733475
-40.07676603323952,18.128968526641895
-40.07676603323952,18.128968526641895
-40.07676603323952,18.128968526641895
-40.07676603323952,18.128968526641895
-40.07676603323952,18.128968526641895
-40.26871797198637,18.18437156550506
-40.26871797198637,18.18437156550506
-40.26871797198637,18.18437156550506
-40.26871797198637,18.18437156550506
-40.26871797198637,18.18437156550506
-40.50866285770957,18.25362379725781
-40.50866285770957,18.25362379725781
-40.50866285770957,18.25362379725781
-40.50866285770957,18.25362379725781
-40.7486131668849,18.322874295987837
-40.7486131668849,18.322874295987837
