-20.025819168618877,-0.00027599132013142273
-20.025819168618877,-0.00027599132013142273
-20.025819168618877,-0.00027599132013142273
-20.025819168618877,-0.00027599132013142273
-20.025693280358887,-0.0002718546489379474
-20.025557090123208,-0.00027083085676294223
-20.025557090123208,-0.00027083085676294223
-20.025557090123208,-0.00027083085676294223
-20.025557090123208,-0.00027083085676294223
-20.024535516151733,-0.0002667897260272776
-20.024535516151733,-0.0002667897260272776
-20.024535516151733,-0.0002667897260272776
-20.024535516151733,-0.0002667897260272776
-20.024535516151733,-0.0002667897260272776
-20.022490290394007,-0.0002628543573065217
-20.022490290394007,-0.0002628543573065217
-20.022490290394007,-0.0002628543573065217
-20.022490290394007,-0.0002628543573065217
-20.022490290394007,-0.0002628543573065217
-20.01761275635053,-0.00025811445005245677
-20.01761275635053,-0.00025811445005245677
-20.01761275635053,-0.00025811445005245677
-20.01761275635053,-0.00025811445005245677
-20.009062914881167,-0.0002536025531556706
-20.006825097302563,-0.0002527292772889371
-20.006825097302563,-0.0002527292772889371
-20.006825097302563,-0.0002527292772889371
-20.006825097302563,-0.0002527292772889371
-19.995913267900622,-0.00024933343017934377
-19.995913267900622,-0.00024933343017934377
-19.995913267900622,-0.00024933343017934377
-19.995913267900622,-0.00024933343017934377
-19.995913267900622,-0.00024933343017934377
-19.98166086226913,-0.0002460964046856457
-19.98166086226913,-0.0002460964046856457
-19.98166086226913,-0.0002460964046856457
-19.98166086226913,-0.0002460964046856457
-19.963898687616926,-0.00024301460489574181
-19.963898687616926,-0.00024301460489574181
-19.963898687616926,-0.00024301460489574181
-19.963898687616926,-0.00024301460489574181
-19.93669456529721,-0.00023935892182557633
-19.93669456529721,-0.00023935892182557633
-19.93669456529721,-0.00023935892182557633
-19.93669456529721,-0.00023935892182557633
-19.93669456529721,-0.00023935892182557633
-19.90406684031219,-0.00023588487049178565
-19.896917725057506,-0.00023520761015151183
-19.896917725057506,-0.00023520761015151183
-19.896917725057506,-0.00023520761015151183
-19.896917725057506,-0.00023520761015151183
-19.896917725057506,-0.00023520761015151183
-19.866362288377186,-0.00023254644008492651
-19.866362288377186,-0.00023254644008492651
-19.866362288377186,-0.00023254644008492651
-19.866362288377186,-0.00023254644008492651
-19.824090804026334,-0.00022929467935604853
-19.824090804026334,-0.00022929467935604853
-19.824090804026334,-0.00022929467935604853
-19.824090804026334,-0.00022929467935604853
-19.824090804026334,-0.00022929467935604853
-19.777864844828674,-0.00022608647044522048
-19.768202899854575,-0.00022544707690838264
-19.768202899854575,-0.00022544707690838264
-19.768202899854575,-0.00022544707690838264
-19.768202899854575,-0.00022544707690838264
-19.728344581767875,-0.00022289218792637095
-19.728344581767875,-0.00022289218792637095
-19.728344581767875,-0.00022289218792637095
-19.728344581767875,-0.00022289218792637095
-19.728344581767875,-0.00022289218792637095
-19.68680389043522,-0.00022033604885474389
-19.68680389043522,-0.00022033604885474389
-19.68680389043522,-0.00022033604885474389
-19.68680389043522,-0.00022033604885474389
-19.63301210030162,-0.0002171358176598424
-19.63301210030162,-0.0002171358176598424
-19.63301210030162,-0.0002171358176598424
-19.63301210030162,-0.0002171358176598424
-19.63301210030162,-0.0002171358176598424
-19.577706273146628,-0.0002139385140487879
-19.56651233405606,-0.00021330079428784934
-19.56651233405606,-0.00021330079428784934
-19.56651233405606,-0.00021330079428784934
-19.56651233405606,-0.00021330079428784934
-19.56651233405606,-0.00021330079428784934
-19.521429068664915,-0.00021076119357021765
-19.521429068664915,-0.00021076119357021765
-19.521429068664915,-0.00021076119357021765
-19.521429068664915,-0.00021076119357021765
-19.464654983663994,-0.00020762582676282044
-19.464654983663994,-0.00020762582676282044
-19.464654983663994,-0.00020762582676282044
-19.464654983663994,-0.00020762582676282044
-19.464654983663994,-0.00020762582676282044
-19.407785186347173,-0.000204557447985006
-19.396429732177747,-0.00020395410857220324
-19.396429732177747,-0.00020395410857220324
-19.396429732177747,-0.00020395410857220324
-19.396429732177747,-0.00020395410857220324
-19.351145301559285,-0.00020158170119208524
-19.351145301559285,-0.00020158170119208524
-19.351145301559285,-0.00020158170119208524
-19.351145301559285,-0.00020158170119208524
-19.351145301559285,-0.00020158170119208524
-19.306169506710606,-0.00019928367345716397
-19.306169506710606,-0.00019928367345716397
-19.306169506710606,-0.00019928367345716397
-19.306169506710606,-0.00019928367345716397
-19.306169506710606,-0.00019928367345716397
-19.250524176652117,-0.00019653157890210445
-19.250524176652117,-0.00019653157890210445
-19.250524176652117,-0.00019653157890210445
-19.250524176652117,-0.00019653157890210445
-19.195625873452112,-0.0001939281709316167
-19.195625873452112,-0.0001939281709316167
-19.195625873452112,-0.0001939281709316167
-19.195625873452112,-0.0001939281709316167
-19.195625873452112,-0.0001939281709316167
-19.14152854181313,-0.00019148385873046846
-19.130805662875588,-0.0001910145998314468
-19.130805662875588,-0.0001910145998314468
-19.130805662875588,-0.0001910145998314468
-19.130805662875588,-0.0001910145998314468
-19.130805662875588,-0.0001910145998314468
-19.08822676493214,-0.00018920325704939147
-19.08822676493214,-0.00018920325704939147
-19.08822676493214,-0.00018920325704939147
-19.08822676493214,-0.00018920325704939147
-19.035664786099314,-0.00018708509641504094
-19.035664786099314,-0.00018708509641504094
-19.035664786099314,-0.00018708509641504094
-19.035664786099314,-0.00018708509641504094
-19.035664786099314,-0.00018708509641504094
-18.9837469716407,-0.00018512286059903552
-18.97343018108841,-0.0001847482425185695
-18.97343018108841,-0.0001847482425185695
-18.97343018108841,-0.0001847482425185695
-18.97343018108841,-0.0001847482425185695
-18.932349660459465,-0.00018330590558246192
-18.932349660459465,-0.00018330590558246192
-18.932349660459465,-0.00018330590558246192
-18.932349660459465,-0.00018330590558246192
-18.932349660459465,-0.00018330590558246192
-18.891513049547967,-0.00018194800283209418
-18.891513049547967,-0.00018194800283209418
-18.891513049547967,-0.00018194800283209418
-18.891513049547967,-0.00018194800283209418
-18.840697675883426,-0.0001803577549726493
-18.840697675883426,-0.0001803577549726493
-18.840697675883426,-0.0001803577549726493
-18.840697675883426,-0.0001803577549726493
-18.840697675883426,-0.0001803577549726493
-18.79000747775374,-0.00017887234736715544
-18.77987285610561,-0.0001785865336185849
-18.77987285610561,-0.0001785865336185849
-18.77987285610561,-0.0001785865336185849
-18.77987285610561,-0.0001785865336185849
-18.77987285610561,-0.0001785865336185849
-18.7393138593757,-0.0001774770000851406
-18.7393138593757,-0.0001774770000851406
-18.7393138593757,-0.0001774770000851406
-18.7393138593757,-0.0001774770000851406
-18.698681567311574,-0.0001764163523433969
-18.698681567311574,-0.0001764163523433969
-18.698681567311574,-0.0001764163523433969
-18.698681567311574,-0.0001764163523433969
-18.647718550770094,-0.00017514986145264136
-18.647718550770094,-0.00017514986145264136
-18.647718550770094,-0.00017514986145264136
-18.647718550770094,-0.00017514986145264136
-18.647718550770094,-0.00017514986145264136
-18.59650133286286,-0.00017393955630508716
-18.58622320192532,-0.00017370345668925115
-18.58622320192532,-0.00017370345668925115
-18.58622320192532,-0.00017370345668925115
-18.58622320192532,-0.00017370345668925115
-18.5449875029135,-0.0001727769513682471
-18.5449875029135,-0.0001727769513682471
-18.5449875029135,-0.0001727769513682471
-18.5449875029135,-0.0001727769513682471
-18.5449875029135,-0.0001727769513682471
-18.503550490207136,-0.0001718767982713174
-18.503550490207136,-0.0001718767982713174
-18.503550490207136,-0.0001718767982713174
-18.503550490207136,-0.0001718767982713174
-18.503550490207136,-0.0001718767982713174
-18.451475033403728,-0.00017078511650140183
-18.451475033403728,-0.00017078511650140183
-18.451475033403728,-0.00017078511650140183
-18.451475033403728,-0.00017078511650140183
-18.451475033403728,-0.00017078511650140183
-18.399111169674217,-0.00016972797298960232
-18.399111169674217,-0.00016972797298960232
-18.399111169674217,-0.00016972797298960232
-18.399111169674217,-0.00016972797298960232
-18.3464981692259,-0.00016870412121279584
-18.335950051379907,-0.0001685033469404393
-18.335950051379907,-0.0001685033469404393
-18.335950051379907,-0.0001685033469404393
-18.335950051379907,-0.0001685033469404393
-18.293687635022412,-0.00016771386235444143
-18.293687635022412,-0.00016771386235444143
-18.293687635022412,-0.00016771386235444143
-18.293687635022412,-0.00016771386235444143
-18.293687635022412,-0.00016771386235444143
-18.25133655538401,-0.0001669468474821671
-18.25133655538401,-0.0001669468474821671
-18.25133655538401,-0.0001669468474821671
-18.25133655538401,-0.0001669468474821671
-18.198321329753302,-0.00016602155758092143
-18.198321329753302,-0.00016602155758092143
-18.198321329753302,-0.00016602155758092143
-18.198321329753302,-0.00016602155758092143
-18.198321329753302,-0.00016602155758092143
-18.145278001204236,-0.00016513624877255773
-18.134671042242317,-0.00016496426936505953
-18.134671042242317,-0.00016496426936505953
-18.134671042242317,-0.00016496426936505953
-18.134671042242317,-0.00016496426936505953
-18.09226297339273,-0.00016429417060248233
-18.09226297339273,-0.00016429417060248233
-18.09226297339273,-0.00016429417060248233
-18.09226297339273,-0.00016429417060248233
-18.09226297339273,-0.00016429417060248233
-18.04990451490174,-0.00016365379921228399
-18.04990451490174,-0.00016365379921228399
-18.04990451490174,-0.00016365379921228399
-18.04990451490174,-0.00016365379921228399
-17.997057309718635,-0.00016289740637729565
-17.997057309718635,-0.00016289740637729565
-17.997057309718635,-0.00016289740637729565
-17.997057309718635,-0.00016289740637729565
-17.997057309718635,-0.00016289740637729565
-17.94435029753538,-0.00016219222282210261
-17.933827622747888,-0.00016205749507513785
-17.933827622747888,-0.00016205749507513785
-17.933827622747888,-0.00016205749507513785
-17.933827622747888,-0.00016205749507513785
-17.933827622747888,-0.00016205749507513785
-17.891802852938014,-0.00016153993798559386
-17.891802852938014,-0.00016153993798559386
-17.891802852938014,-0.00016153993798559386
-17.891802852938014,-0.00016153993798559386
-17.839423205558674,-0.00016094136862873805
-17.839423205558674,-0.00016094136862873805
-17.839423205558674,-0.00016094136862873805
-17.839423205558674,-0.00016094136862873805
-17.839423205558674,-0.00016094136862873805
-17.78720927177882,-0.00016039639840082536
-17.78720927177882,-0.00016039639840082536
-17.78720927177882,-0.00016039639840082536
-17.78720927177882,-0.00016039639840082536
-17.78720927177882,-0.00016039639840082536
-17.73515004936452,-0.00015990398905316332
-17.724755278159968,-0.00015981166303509787
-17.724755278159968,-0.00015981166303509787
-17.724755278159968,-0.00015981166303509787
-17.724755278159968,-0.00015981166303509787
-17.68322741668359,-0.00015946226004154328
-17.68322741668359,-0.00015946226004154328
-17.68322741668359,-0.00015946226004154328
-17.68322741668359,-0.00015946226004154328
-17.68322741668359,-0.00015946226004154328
-17.64177219320272,-0.00015914363943144038
-17.64177219320272,-0.00015914363943144038
-17.64177219320272,-0.00015914363943144038
-17.64177219320272,-0.00015914363943144038
-17.590034982965566,-0.0001587862179429416
-17.590034982965566,-0.0001587862179429416
-17.590034982965566,-0.0001587862179429416
-17.590034982965566,-0.0001587862179429416
-17.590034982965566,-0.0001587862179429416
-17.53836352963011,-0.00015847095389438692
-17.528034790173184,-0.0001584126398699377
-17.528034790173184,-0.0001584126398699377
-17.528034790173184,-0.0001584126398699377
-17.528034790173184,-0.0001584126398699377
-17.48673160591234,-0.00015819418326919025
-17.48673160591234,-0.00015819418326919025
-17.48673160591234,-0.00015819418326919025
-17.48673160591234,-0.00015819418326919025
-17.48673160591234,-0.00015819418326919025
-17.445438350584077,-0.00015799798976455457
-17.445438350584077,-0.00015799798976455457
-17.445438350584077,-0.00015799798976455457
-17.445438350584077,-0.00015799798976455457
-17.393819723520945,-0.00015778125996110374
-17.393819723520945,-0.00015778125996110374
-17.393819723520945,-0.00015778125996110374
-17.393819723520945,-0.00015778125996110374
-17.35251270504179,-0.0001576285701776723
-17.342183375739772,-0.0001575930601427548
-17.3318528472046,-0.0001575585676923042
-17.3318528472046,-0.0001575585676923042
-17.3318528472046,-0.0001575585676923042
-17.3318528472046,-0.0001575585676923042
-17.290517458855305,-0.00015743032821713345
-17.290517458855305,-0.00015743032821713345
-17.290517458855305,-0.00015743032821713345
-17.290517458855305,-0.00015743032821713345
-17.290517458855305,-0.00015743032821713345
-17.249158731865165,-0.00015731669581498471
-17.249158731865165,-0.00015731669581498471
-17.249158731865165,-0.00015731669581498471
-17.249158731865165,-0.00015731669581498471
-17.197425912766597,-0.00015719347535133666
-17.197425912766597,-0.00015719347535133666
-17.197425912766597,-0.00015719347535133666
-17.197425912766597,-0.00015719347535133666
-17.197425912766597,-0.00015719347535133666
-17.14565675006626,-0.00015708950211975803
-17.135298999108514,-0.0001570708917985604
-17.135298999108514,-0.0001570708917985604
-17.135298999108514,-0.0001570708917985604
-17.135298999108514,-0.0001570708917985604
-17.093856953849247,-0.00015700343998142834
-17.093856953849247,-0.00015700343998142834
-17.093856953849247,-0.00015700343998142834
-17.093856953849247,-0.00015700343998142834
-17.093856953849247,-0.00015700343998142834
-17.052400874365294,-0.00015694686503377517
-17.052400874365294,-0.00015694686503377517
-17.052400874365294,-0.00015694686503377517
-17.052400874365294,-0.00015694686503377517
-17.01093626426232,-0.0001569008818923688
-17.01093626426232,-0.0001569008818923688
-17.01093626426232,-0.0001569008818923688
-17.01093626426232,-0.0001569008818923688
-16.990202635768753,-0.0001568818095710734
-16.959102733579982,-0.00015685807309949137
-16.959102733579982,-0.00015685807309949137
-16.959102733579982,-0.00015685807309949137
-16.959102733579982,-0.00015685807309949137
-16.907277529708793,-0.00015683150810159898
-16.89691454663789,-0.00015682815154995975
-16.89691454663789,-0.00015682815154995975
-16.89691454663789,-0.00015682815154995975
-16.89691454663789,-0.00015682815154995975
-16.886552465328524,-0.00015682545008752362
-16.855472508765654,-0.00015682129146715027
-16.855472508765654,-0.00015682129146715027
-16.855472508765654,-0.00015682129146715027
-16.855472508765654,-0.00015682129146715027
-16.814050301699734,-0.00015682502249273337
-16.814050301699734,-0.00015682502249273337
-16.814050301699734,-0.00015682502249273337
-16.814050301699734,-0.00015682502249273337
-16.76230757391493,-0.00015684475163754163
-16.76230757391493,-0.00015684475163754163
-16.76230757391493,-0.00015684475163754163
-16.76230757391493,-0.00015684475163754163
-16.76230757391493,-0.00015684475163754163
-16.710610555842905,-0.00015688138121825734
-16.700277125186883,-0.00015689074436976661
-16.700277125186883,-0.00015689074436976661
-16.700277125186883,-0.00015689074436976661
-16.700277125186883,-0.00015689074436976661
-16.65896431008138,-0.00015693498604052024
-16.65896431008138,-0.00015693498604052024
-16.65896431008138,-0.00015693498604052024
-16.65896431008138,-0.00015693498604052024
-16.65896431008138,-0.00015693498604052024
-16.617685738715025,-0.0001569900482440104
-16.617685738715025,-0.0001569900482440104
-16.617685738715025,-0.0001569900482440104
-16.617685738715025,-0.0001569900482440104
-16.57644169850294,-0.00015705581627769764
-16.57644169850294,-0.00015705581627769764
-16.57644169850294,-0.00015705581627769764
-16.57644169850294,-0.00015705581627769764
-16.524934226478493,-0.00015715278096202164
-16.524934226478493,-0.00015715278096202164
-16.524934226478493,-0.00015715278096202164
-16.524934226478493,-0.00015715278096202164
-16.524934226478493,-0.00015715278096202164
-16.473476883249234,-0.00015726562286561468
-16.463191068822788,-0.00015729003647703443
-16.463191068822788,-0.00015729003647703443
-16.463191068822788,-0.00015729003647703443
-16.463191068822788,-0.00015729003647703443
-16.422065317018372,-0.00015739362302134928
-16.422065317018372,-0.00015739362302134928
-16.422065317018372,-0.00015739362302134928
-16.422065317018372,-0.00015739362302134928
-16.422065317018372,-0.00015739362302134928
-16.380965405230825,-0.00015750635253360533
-16.380965405230825,-0.00015750635253360533
-16.380965405230825,-0.00015750635253360533
-16.380965405230825,-0.00015750635253360533
-16.32962215636969,-0.00015765935074173998
-16.32962215636969,-0.00015765935074173998
-16.32962215636969,-0.00015765935074173998
-16.32962215636969,-0.00015765935074173998
-16.32962215636969,-0.00015765935074173998
-16.278308283507396,-0.00015782477632315448
-16.268048497464754,-0.00015785925477013155
-16.268048497464754,-0.00015785925477013155
-16.268048497464754,-0.00015785925477013155
-16.268048497464754,-0.00015785925477013155
-16.22701777167116,-0.000158001507439341
-16.22701777167116,-0.000158001507439341
-16.22701777167116,-0.000158001507439341
-16.22701777167116,-0.000158001507439341
-16.22701777167116,-0.000158001507439341
-16.185998469372585,-0.00015815026853828267
-16.185998469372585,-0.00015815026853828267
-16.185998469372585,-0.00015815026853828267
-16.185998469372585,-0.00015815026853828267
-16.144988143122102,-0.0001583049699792169
-16.144988143122102,-0.0001583049699792169
-16.144988143122102,-0.0001583049699792169
-16.144988143122102,-0.0001583049699792169
-16.09373477911062,-0.00015850586664720151
-16.09373477911062,-0.00015850586664720151
-16.09373477911062,-0.00015850586664720151
-16.09373477911062,-0.00015850586664720151
-16.09373477911062,-0.00015850586664720151
-16.042489249153967,-0.00015871418567009802
-16.042489249153967,-0.00015871418567009802
-16.042489249153967,-0.00015871418567009802
-16.042489249153967,-0.00015871418567009802
-16.042489249153967,-0.00015871418567009802
-15.991249657745932,-0.00015892902329587427
-15.981002363635655,-0.0001589727014812737
-15.981002363635655,-0.0001589727014812737
-15.981002363635655,-0.0001589727014812737
-15.981002363635655,-0.0001589727014812737
-15.94001520981578,-0.00015914958557831208
-15.94001520981578,-0.00015914958557831208
-15.94001520981578,-0.00015914958557831208
-15.94001520981578,-0.00015914958557831208
-15.94001520981578,-0.00015914958557831208
-15.89903146501522,-0.00015932969557091097
-15.89903146501522,-0.00015932969557091097
-15.89903146501522,-0.00015932969557091097
-15.89903146501522,-0.00015932969557091097
-15.858051637340775,-0.0001595127404056171
-15.858051637340775,-0.0001595127404056171
-15.858051637340775,-0.0001595127404056171
-15.858051637340775,-0.0001595127404056171
-15.806833596380924,-0.0001597453036418001
-15.806833596380924,-0.0001597453036418001
-15.806833596380924,-0.0001597453036418001
-15.806833596380924,-0.0001597453036418001
-15.806833596380924,-0.0001597453036418001
-15.75562495536589,-0.00015998168725754489
-15.745384557736303,-0.0001600293956460965
-15.745384557736303,-0.0001600293956460965
-15.745384557736303,-0.0001600293956460965
-15.745384557736303,-0.0001600293956460965
-15.704428052445204,-0.00016022160085582836
-15.704428052445204,-0.00016022160085582836
-15.704428052445204,-0.00016022160085582836
-15.704428052445204,-0.00016022160085582836
-15.704428052445204,-0.00016022160085582836
-15.653245332209371,-0.00016046482669281224
-15.653245332209371,-0.00016046482669281224
-15.653245332209371,-0.00016046482669281224
-15.653245332209371,-0.00016046482669281224
-15.653245332209371,-0.00016046482669281224
-15.602079150929002,-0.00016071120416773774
-15.591848090391684,-0.00016076084628839163
-15.591848090391684,-0.00016076084628839163
-15.591848090391684,-0.00016076084628839163
-15.591848090391684,-0.00016076084628839163
-15.591848090391684,-0.00016076084628839163
-15.55093161060283,-0.0001609606040114187
-15.55093161060283,-0.0001609606040114187
-15.55093161060283,-0.0001609606040114187
-15.55093161060283,-0.0001609606040114187
-15.510028169847699,-0.00016116222587781606
-15.510028169847699,-0.00016116222587781606
-15.510028169847699,-0.00016116222587781606
-15.510028169847699,-0.00016116222587781606
-15.510028169847699,-0.00016116222587781606
-15.458918197514887,-0.00016141679201692752
-15.458918197514887,-0.00016141679201692752
-15.458918197514887,-0.00016141679201692752
-15.458918197514887,-0.00016141679201692752
-15.407830453491727,-0.00016167407101107774
-15.407830453491727,-0.00016167407101107774
-15.407830453491727,-0.00016167407101107774
-15.407830453491727,-0.00016167407101107774
-15.407830453491727,-0.00016167407101107774
-15.356765241858874,-0.00016193392266751204
-15.346554894083063,-0.00016198618755591858
-15.346554894083063,-0.00016198618755591858
-15.346554894083063,-0.00016198618755591858
-15.346554894083063,-0.00016198618755591858
-15.305722361266426,-0.0001621961758341138
-15.305722361266426,-0.0001621961758341138
-15.305722361266426,-0.0001621961758341138
-15.305722361266426,-0.0001621961758341138
-15.305722361266426,-0.0001621961758341138
-15.264903709534423,-0.00016240756601299325
-15.264903709534423,-0.00016240756601299325
-15.264903709534423,-0.00016240756601299325
-15.264903709534423,-0.00016240756601299325
-15.264903709534423,-0.00016240756601299325
-15.213899124507284,-0.00016267358352350863
-15.213899124507284,-0.00016267358352350863
-15.213899124507284,-0.00016267358352350863
-15.213899124507284,-0.00016267358352350863
-15.162914161866166,-0.00016294131981255084
-15.162914161866166,-0.00016294131981255084
-15.162914161866166,-0.00016294131981255084
-15.162914161866166,-0.00016294131981255084
-15.162914161866166,-0.00016294131981255084
-15.111947363298965,-0.0001632104659500013
-15.101756047041127,-0.00016326443598268346
-15.101756047041127,-0.00016326443598268346
-15.101756047041127,-0.00016326443598268346
-15.101756047041127,-0.00016326443598268346
-15.071185958635285,-0.00016342657780386694
-15.071185958635285,-0.00016342657780386694
-15.071185958635285,-0.00016342657780386694
-15.071185958635285,-0.00016342657780386694
-15.060997174285719,-0.00016348069291123495
-15.020247935859533,-0.0001636974200656524
-15.020247935859533,-0.0001636974200656524
-15.020247935859533,-0.0001636974200656524
-15.020247935859533,-0.0001636974200656524
-14.969323786296469,-0.00016396871944817924
-14.969323786296469,-0.00016396871944817924
-14.969323786296469,-0.00016396871944817924
-14.969323786296469,-0.00016396871944817924
-14.969323786296469,-0.00016396871944817924
-14.91841216639254,-0.00016424012143924696
-14.908231241478644,-0.00016429438406757386
-14.908231241478644,-0.00016429438406757386
-14.908231241478644,-0.00016429438406757386
-14.908231241478644,-0.00016429438406757386
-14.867511934591787,-0.0001645112847497866
-14.867511934591787,-0.0001645112847497866
-14.867511934591787,-0.0001645112847497866
-14.867511934591787,-0.0001645112847497866
-14.867511934591787,-0.0001645112847497866
-14.826799333266642,-0.00016472782342875382
-14.826799333266642,-0.00016472782342875382
-14.826799333266642,-0.00016472782342875382
-14.826799333266642,-0.00016472782342875382
-14.826799333266642,-0.00016472782342875382
-14.775917496249638,-0.00016499775264654348
-14.775917496249638,-0.00016499775264654348
-14.775917496249638,-0.00016499775264654348
-14.775917496249638,-0.00016499775264654348
-14.775917496249638,-0.00016499775264654348
-14.725045162306412,-0.00016526659757840518
-14.725045162306412,-0.00016526659757840518
-14.725045162306412,-0.00016526659757840518
-14.725045162306412,-0.00016526659757840518
-14.704698836611232,-0.00016537377589571195
-14.674182128358693,-0.00016553411349738128
-14.674182128358693,-0.00016553411349738128
-14.674182128358693,-0.00016553411349738128
-14.674182128358693,-0.00016553411349738128
-14.62332840281074,-0.00016580009254230096
-14.61315878806969,-0.00016585308796966214
-14.61315878806969,-0.00016585308796966214
-14.61315878806969,-0.00016585308796966214
-14.61315878806969,-0.00016585308796966214
-14.572484166197018,-0.00016606435648599464
-14.572484166197018,-0.00016606435648599464
-14.572484166197018,-0.00016606435648599464
-14.572484166197018,-0.00016606435648599464
-14.572484166197018,-0.00016606435648599464
-14.521649725240652,-0.00016632675451037012
-14.521649725240652,-0.00016632675451037012
-14.521649725240652,-0.00016632675451037012
-14.521649725240652,-0.00016632675451037012
-14.521649725240652,-0.00016632675451037012
-14.470825464125388,-0.000166587161000767
-14.460661869883806,-0.0001666389935943801
-14.460661869883806,-0.0001666389935943801
-14.460661869883806,-0.0001666389935943801
-14.460661869883806,-0.0001666389935943801
-14.460661869883806,-0.0001666389935943801
-14.42001179654039,-0.0001668454672722858
-14.42001179654039,-0.0001668454672722858
-14.42001179654039,-0.0001668454672722858
-14.42001179654039,-0.0001668454672722858
-14.379368759506546,-0.00016705053981851627
-14.379368759506546,-0.00016705053981851627
-14.379368759506546,-0.00016705053981851627
-14.379368759506546,-0.00016705053981851627
-14.328575131925323,-0.00016730485315860999
-14.328575131925323,-0.00016730485315860999
-14.328575131925323,-0.00016730485315860999
-14.328575131925323,-0.00016730485315860999
-14.328575131925323,-0.00016730485315860999
-14.277793063282587,-0.00016755685238954783
-14.26763805474262,-0.0001676069694578638
-14.26763805474262,-0.0001676069694578638
-14.26763805474262,-0.0001676069694578638
-14.26763805474262,-0.0001676069694578638
-14.227022737596595,-0.00016780647832914303
-14.227022737596595,-0.00016780647832914303
-14.227022737596595,-0.00016780647832914303
-14.227022737596595,-0.00016780647832914303
-14.227022737596595,-0.00016780647832914303
-14.186414984225385,-0.0001680044306316856
-14.186414984225385,-0.0001680044306316856
-14.186414984225385,-0.0001680044306316856
-14.186414984225385,-0.0001680044306316856
-14.186414984225385,-0.0001680044306316856
-14.135665899202658,-0.00016824963762339254
-14.135665899202658,-0.00016824963762339254
-14.135665899202658,-0.00016824963762339254
-14.135665899202658,-0.00016824963762339254
-14.084928469476482,-0.00016849230733902623
-14.07478236303399,-0.00016854053116459525
-14.07478236303399,-0.00016854053116459525
-14.07478236303399,-0.00016854053116459525
-14.07478236303399,-0.00016854053116459525
-14.07478236303399,-0.00016854053116459525
-14.034202459047709,-0.00016873237258814382
-14.034202459047709,-0.00016873237258814382
-14.034202459047709,-0.00016873237258814382
-14.034202459047709,-0.00016873237258814382
-13.993629658514543,-0.00016892250334649175
-13.993629658514543,-0.00016892250334649175
-13.993629658514543,-0.00016892250334649175
-13.993629658514543,-0.00016892250334649175
-13.993629658514543,-0.00016892250334649175
-13.942923346060438,-0.00016915770362779274
-13.942923346060438,-0.00016915770362779274
-13.942923346060438,-0.00016915770362779274
-13.942923346060438,-0.00016915770362779274
-13.892227400183843,-0.00016939009287685264
-13.892227400183843,-0.00016939009287685264
-13.892227400183843,-0.00016939009287685264
-13.892227400183843,-0.00016939009287685264
-13.892227400183843,-0.00016939009287685264
-13.841541371679934,-0.00016961958487131975
-13.831405316121296,-0.00016966512800213997
-13.831405316121296,-0.00016966512800213997
-13.831405316121296,-0.00016966512800213997
-13.831405316121296,-0.00016966512800213997
-13.790864808836663,-0.00016984609048928634
-13.790864808836663,-0.00016984609048928634
-13.790864808836663,-0.00016984609048928634
-13.790864808836663,-0.00016984609048928634
-13.790864808836663,-0.00016984609048928634
-13.750330081057305,-0.0001700250813521475
-13.750330081057305,-0.0001700250813521475
-13.750330081057305,-0.0001700250813521475
-13.750330081057305,-0.0001700250813521475
-13.709800925707695,-0.00017020205322163955
-13.709800925707695,-0.00017020205322163955
-13.709800925707695,-0.00017020205322163955
-13.709800925707695,-0.00017020205322163955
-13.659147032526336,-0.0001704203562864671
-13.659147032526336,-0.0001704203562864671
-13.659147032526336,-0.0001704203562864671
-13.659147032526336,-0.0001704203562864671
-13.659147032526336,-0.0001704203562864671
-13.6085012332323,-0.0001706353405391606
-13.598373020561816,-0.00017067793191113316
-13.598373020561816,-0.00017067793191113316
-13.598373020561816,-0.00017067793191113316
-13.598373020561816,-0.00017067793191113316
-13.557863266223212,-0.00017084692347094205
-13.557863266223212,-0.00017084692347094205
-13.557863266223212,-0.00017084692347094205
-13.557863266223212,-0.00017084692347094205
-13.557863266223212,-0.00017084692347094205
-13.517358394259746,-0.00017101368898315647
-13.517358394259746,-0.00017101368898315647
-13.517358394259746,-0.00017101368898315647
-13.517358394259746,-0.00017101368898315647
-13.466734055304016,-0.00017121896399284947
-13.466734055304016,-0.00017121896399284947
-13.466734055304016,-0.00017121896399284947
-13.466734055304016,-0.00017121896399284947
-13.466734055304016,-0.00017121896399284947
-13.416117123673535,-0.00017142064709540925
-13.405994620412594,-0.00017146054812775923
-13.405994620412594,-0.00017146054812775923
-13.405994620412594,-0.00017146054812775923
-13.405994620412594,-0.00017146054812775923
-13.405994620412594,-0.00017146054812775923
-13.36550754103348,-0.00017161868699022283
-13.36550754103348,-0.00017161868699022283
-13.36550754103348,-0.00017161868699022283
-13.36550754103348,-0.00017161868699022283
-13.325025149520881,-0.00017177446865381554
-13.325025149520881,-0.00017177446865381554
-13.325025149520881,-0.00017177446865381554
-13.325025149520881,-0.00017177446865381554
-13.325025149520881,-0.00017177446865381554
-13.274428752405969,-0.0001719658573413824
-13.274428752405969,-0.0001719658573413824
-13.274428752405969,-0.0001719658573413824
-13.274428752405969,-0.0001719658573413824
-13.274428752405969,-0.0001719658573413824
-13.223839691633295,-0.00017215351623507048
-13.223839691633295,-0.00017215351623507048
-13.223839691633295,-0.00017215351623507048
-13.223839691633295,-0.00017215351623507048
-13.173257983568963,-0.00017233743152668917
-13.16314252546898,-0.00017237376459672377
-13.16314252546898,-0.00017237376459672377
-13.16314252546898,-0.00017237376459672377
-13.16314252546898,-0.00017237376459672377
-13.132797919123853,-0.00017248186183314043
-13.132797919123853,-0.00017248186183314043
-13.132797919123853,-0.00017248186183314043
-13.132797919123853,-0.00017248186183314043
-13.082229466304659,-0.0001726590158923334
-13.082229466304659,-0.0001726590158923334
-13.082229466304659,-0.0001726590158923334
-13.082229466304659,-0.0001726590158923334
-13.082229466304659,-0.0001726590158923334
-13.03166836168118,-0.0001728324066621161
-13.021557019593189,-0.0001728666326363207
-13.021557019593189,-0.0001728666326363207
-13.021557019593189,-0.0001728666326363207
-13.021557019593189,-0.0001728666326363207
-13.011445969559702,-0.00017290070772521605
-12.98111456697856,-0.00017300202598715306
-12.98111456697856,-0.00017300202598715306
-12.98111456697856,-0.00017300202598715306
-12.98111456697856,-0.00017300202598715306
-12.94067675311881,-0.00017313500154754883
-12.94067675311881,-0.00017313500154754883
-12.94067675311881,-0.00017313500154754883
-12.94067675311881,-0.00017313500154754883
-12.89013594199043,-0.00017329781709303333
-12.89013594199043,-0.00017329781709303333
